Keyword,Frequency
digital distribution,8229
anime,5480
nudity,4618
sexual content,4617
steam,3920
female protagonist,3870
casual,3738
licensed game,3535
2d,3117
steam achievements,2653
pixel art,2487
free-to-play,2445
fangame,2437
polygonal 3d,2424
achievements,2237
multiple endings,2201
exploration,2192
action-adventure,2188
adult,2173
shoot 'em up,2133
retro,1973
male protagonist,1951
magic,1948
high score,1910
boss fight,1901
roguelike,1887
unofficial,1852
cute,1836
atmospheric,1814
nextfest june 2025,1744
robots,1652
3d,1650
death,1634
management,1632
pixel graphics,1564
voice acting,1525
platform exclusive,1516
steam cloud,1515
minigames,1467
medieval,1433
story rich,1421
abstract,1408
otome,1396
online,1392
turn-based,1377
music and rhythm,1374
explosion,1359
steam trading cards,1357
hidden object,1333
post-apocalyptic,1295
interactive fiction,1294
side-scrolling,1273
sequel,1247
psychological horror,1237
aliens,1224
lgbtq+,1213
human,1190
single-player only,1190
roguelite,1159
martial arts,1157
bloody,1149
nsfw,1134
melee,1127
bink video,1126
crime,1100
difficulty level,1092
based on - anime,1085
playstation trophies,1083
based on - tv show,1067
based on - movie,1042
cat,1033
anthropomorphism,1033
metroidvania,1023
short,1022
bullet hell,1005
cyberpunk,975
soccer,969
space,968
modern warfare,961
artificial intelligence,960
modern military,953
non-player character,953
multiple protagonists,938
relaxing,935
text adventure,902
zombies,900
tower defense,893
spaceship,880
crafting,878
leveling up,876
flight,867
colorful,863
fan translation - english,851
jrpg,849
hand-drawn,844
real-time combat,831
collectibles,825
dark,805
detective,803
war,794
tie-in,777
ghosts,777
world war ii - ww2,776
ai-generated artwork,774
freeware,773
crowdfunding - kickstarter,769
cartoony,765
brawler,756
xbox live,756
time limit,755
original soundtrack release,752
touch controls,751
superhero,737
bow and arrow,720
unlockables,717
dating simulation,713
difficult,712
controller support,709
leaderboard,692
vehicular combat,685
family friendly,681
walking simulator,676
tank,675
survival horror,672
xbox controller support for pc,672
japan only,670
minigame collection,669
playstation network,668
ninja,661
funny,660
steam families,659
upgradeable weapons,645
downloadable content,641
snow,639
helicopter,639
dog,638
procedural generation,631
vampire,627
building,625
stylized,623
kid friendly,622
dinosaurs,621
gore,620
football,620
mech,616
year in the title,614
homebrew,612
free demo,611
playstation tv support,608
pvp,608
motorsports,606
surreal,598
box art - real photos,588
deliberately retro,577
maze,576
bird,576
futuristic,576
baseball,566
greatest hits,565
protagonist's name in the title,562
vehicle combat,560
time travel,558
parody,558
games on demand,557
physics,556
cats,554
shmup,548
yume nikki fangame,548
based on - book,545
wii virtual console,544
turn-based combat,543
wizards,541
steam leaderboards,541
dungeon crawler,539
based on - comics,538
steam greenlight,537
military,536
treasure chest,530
gravity,530
2.5d,528
fishing,528
dark fantasy,524
shopping,524
airplane,521
cozy,521
pirates,519
microtransaction,515
day/night cycle,515
xbox live indie games,509
character customization,499
gambling,498
demo,496
japan,494
online multiplayer,492
rpg elements,489
city builder,485
customizable characters,485
full motion video,483
character creation,479
game jam,479
countdown timer,477
tactical turn-based combat,477
horse,473
teleportation,471
undead,471
eroge,471
character select screen,468
precision platforming,466
murder,466
steampunk,461
unlicensed game,457
level selection,457
split-screen multiplayer,456
frog,456
base building,451
flight simulator,448
golf,446
hand-to-hand combat,444
destructible environment,437
cheat code,436
combat,433
cooking,432
playstation plus,432
wasd movement,431
fast paced,430
basketball,426
2d platformer,424
doujin game,422
traps,419
puzzle platformer,419
turn-based rpg,415
twin stick control,413
world map,413
moving platforms,410
dystopian,406
edutainment,406
retroachievements,404
checkpoints,402
action roguelike,402
low-poly,401
touhou project,401
fairy,400
crowdfunding,395
vertical scrolling,395
clicker,394
virtual console,394
motorcycle,391
farming,390
choices matter,388
touhou fangame,388
animals,388
motion control,386
realism,386
mercenary,386
spider,385
idle game,385
comic book,383
logic puzzle,383
xbox one backwards compatibility,380
grid-based movement,379
deck-building,376
life simulation,375
nft,374
pax east 2016,373
conversation,371
darkness,370
psone classics,366
casual game,365
dancing,365
rabbit,364
experimental,363
crossover,363
dating,363
gamersgate,361
western,361
espionage,360
steam play,359
battle,353
xbox 360 backwards compatibility,352
party system,348
permadeath,347
game reference,347
word game,346
launch titles,346
witches,346
match 3,346
time management,345
wii u virtual console,344
moral decisions,344
8-bit,342
run and gun,341
rock music,340
save point,340
blockchain,340
dark humor,339
60 fps on consoles,337
pop culture reference,336
pre-release public testing,336
instant kill,336
grapple,336
violent,335
alternate costumes,335
resource management,332
potion,332
side quests,328
pax west 2016,328
endless runner,327
pax west 2017,322
nsfw version exists,322
narrative,322
economy,322
creepy,321
villain,319
profanity,317
nature,316
youkai,316
underwater gameplay,315
humble bundle,315
licensed soundtrack,312
canceled games,312
billiards,311
bats,310
skeletons,310
non-humanoid protagonist,309
sprinting mechanics,305
breaking the fourth wall,304
monsters,304
speedrun,303
driving,303
dialogue trees,302
customization,301
in-app purchases,301
extreme violence,300
mythology,299
high definition graphics,298
celebrity tie-in,297
young protagonist,297
sword & sorcery,297
good vs evil,296
supernatural,295
plot twist,294
3d platformer,294
crowd funded,293
silent protagonist,293
mutants,290
climbing,288
backwards compatibility,286
mecha,286
pve,286
single-screen level,285
regenerating health,285
snake,285
turn-based tactics,284
parkour,284
slice of life,284
christmas,283
in-game map editor,283
throwing weapons,283
fan translation - portuguese,282
resource gathering,281
based on - brand,280
wholesome,280
previously on - utomik,280
princess,280
demons,279
alien invasion,277
swimming,277
loot gathering,277
dual wielding,277
short game,276
soulslike,276
talking animals,275
mahjong,274
camera,274
stat tracking,274
compilation,273
block matching,270
playing cards,270
retail games with steam activation,270
vr only,269
rivaling factions,268
blocks,267
forest,267
nsfw_patch,267
level editor,266
ragdoll physics,266
linear gameplay,266
poisoning,266
special attacks,266
tennis,265
a.i. companion,264
investigation,263
auto-saving,262
backtracking,261
magical girl,261
easter egg,260
secret area,260
game show,257
emotional,256
pax east 2014,256
chicken,254
quick time event,254
murder mystery,254
onlive,253
androids,253
saving the world,252
high school,251
death match,251
pax prime 2013,251
super game boy enhancement,250
damsel in distress,249
boys love,249
old school,248
hacking,248
mouse,247
chess,247
lovecraftian,246
nintendo 64 exclusive,246
pax prime 2015,245
sniping,245
yuri,245
pax prime 2014,244
wrestling,244
branching storyline,244
rhythm game,244
voice chat,243
tycoon,243
attributes,243
card based combat,243
hunting,243
upgradeable vehicles,242
user generated content,242
4 player co-op,241
crypto,240
new game plus,240
sokoban,239
auto-scrolling levels,238
halloween,238
escape room,238
apocalypse,237
trilogy,237
mining,237
furry,235
wolf,235
mascot,234
online multiplayer achievements,234
dice,233
underwater,231
elves,231
ea app,231
samurai,230
bots,228
magician,227
button mashing,223
games for girls,223
suggestive themes,222
immersive,222
local multiplayer,222
arena shooter,222
1990s,222
cinematic,221
playstation underground,221
great soundtrack,221
sports cars,221
prehistoric,221
language selection,221
construction,221
virtual pet simulation,220
dolby digital,220
corpse,220
roguelike deckbuilder,220
shark,219
vehicle customization,218
dwarves,218
stereoscopic 3d,218
weird,218
procedurally generated,217
descendants of other characters,217
declarative title,217
nintendo wi-fi connection,216
revenge,215
bootleg,215
controversy,214
team deathmatch,214
assassin,214
wall jump,214
egypt,214
choose your own adventure,214
female antagonist,213
block-breaking,213
guitar playing,212
score attack,212
gods,212
farming simulator,212
open-source,211
betrayal,211
submarine,211
pizza,210
time manipulation,210
bonus stage,209
ufo,209
story driven,209
1980s,208
games with gold,208
turtle,208
rat,208
instant replay,206
math,206
comic book character,205
dreams,205
finishing move,205
cyborg,204
wiiware,204
merchants,204
drifting,204
real-time,204
fictional currencies,203
player vs player,203
voxel,203
religion,202
one-man army,202
fetch quests,202
cover system,202
ranking system,202
goblins,200
anti-hero,200
runner,199
useable vehicles,199
rail shooter,199
over the shoulder,199
multiple routes,197
nameable protagonist,197
secret achievements,197
amnesia,196
weapons swap,196
pax east 2013,196
kinetic novel,195
questing,195
minimalist,195
on-rails,194
blockchain game,194
escaping imprisonment,194
vending machine interaction,193
infinite ammo,193
pick your gender,193
nintendo 3ds virtual console,193
orcs,192
stealth kill,191
digital rights management,191
modern day,190
unofficial port,190
slow-motion,189
grinding,189
monkey,189
singing,189
teenager,188
doctor,188
dead multiplayer,188
shooting,188
space battle,188
maid,187
based on - manga,187
cars,187
cga graphics,186
sleeping,186
motion blur,186
flashback,186
cross-platform multiplayer,186
previously on - gametap,185
random encounter,185
aquatic,184
xbox one x enhanced,184
steam workshop,183
superpowers,183
battle screen,182
space simulation,182
boxing,182
dungeon crawling,182
collectathon,182
photography,182
spooky,182
phantom,181
environmental puzzles,181
survival mode,180
status effects,180
space combat,180
ice stage,180
suicide,180
pig,180
digital distribution only,179
movie reference,177
idle,177
dracula,177
japanese games based on western ips,177
violence,176
political,176
kinect support,176
classic,176
animal protagonist,176
tournament,176
in-game advertising,175
ambient music,175
been here before,175
summoning support,174
dragon,174
escort mission,174
overworld,173
jump scare moment,173
cow,173
skill points in game,173
pachinko,172
controller recommendation,172
temporary invincibility,172
soldier,172
skill tree,171
product placement,171
alchemy,171
randomly generated maps,171
terrorists,171
mario,171
demake,171
pets,171
camping,170
skiing,169
mad scientist,169
block puzzle,168
idler,168
shareware,167
pax prime 2012,167
penalties,167
planet,167
trains,167
card collection,166
playstation move support,166
sheep,166
offline,165
capture the flag,165
creepypasta,164
solitaire,164
scripted events,164
satire,164
time trials,162
narration,162
noir,162
internet culture reference,162
dating sim,161
ai-generated voices,161
demon,160
political thriller,160
drugs,160
nazis,160
combat racing,159
fnaf fangame,159
pinball,158
collecting,158
puppet,158
licensed cars,158
advergame,158
adult protagonist,157
psychedelic,157
art,157
brazil,156
greek mythology,156
simulation,156
theft,156
physics puzzles,155
gothic,155
mana,154
hostages,154
horse riding,154
controller required,154
overweight character,153
micromanagement,153
street racing,153
feudal japan,152
competitive,152
girls,152
ancient advanced civilization technology,151
game critics awards,151
not-so-bad guys,151
episodic,150
royalty,150
interactive environments,150
clowns,150
mod support,149
fanmade,149
adapted to - anime,148
never-ending,148
sudoku,148
kidnapping,147
professional wrestler,147
wii classic controller support,147
spellcaster,147
cartoon graphics,147
arena,147
invisibility,146
online co-op,146
multiple gameplay perspectives,146
werewolves,146
mummy,146
cameo appearance,146
team-based,145
playstation minis,145
developed by one person,145
auto battler,145
mind control,145
item combination,145
bullet time,145
abstract art style,144
nuclear bomb,144
british accent,144
facebook games,144
nintendo gateway system,144
peripherals,144
commentary,144
nintendo switch online,144
dynamic soundtrack,143
skeleton,142
automation,142
water level,142
cartoon,142
timer,141
giant insects,141
tragic hero,141
self-referential humor,141
ai-generated music,140
colony simulator,140
indie royale,140
falling damage,140
bunny,140
transforming boss,140
deckbuilder,140
non-linear,140
love triangle,139
naval warfare,139
memes,139
clone,139
context sensitive,139
healer,138
bowling,138
sonic fangame,138
coming of age,137
based on - cartoons,137
combat flight simulator,137
tentacles,137
male antagonist,136
ludum dare,136
crab,136
wilhelm scream,136
american football,136
boss assistance,136
police,136
jigsaw puzzle,135
difficulty achievement,135
conspiracy,135
squad tactics,134
poker,134
arcade driving physics,134
custom soundtrack,133
pixelated,133
griefing,133
karaoke,133
indie developer,133
trolls,132
scientist,132
floating island,132
skateboarding,132
collecting card game - ccg,132
capitalism,131
live-action cutscene,131
crime fighting,131
virtual pet,131
arcade cabinet,131
surrealism,131
augmented reality,131
heroes,131
fake in-game advertising,131
ice hockey,131
challenges,130
lesbian,130
graphic adventure,130
kill feed,130
minotaurs,130
j-pop,129
fire manipulation,129
available on - apple arcade,129
the game awards - nominee,129
archery,129
half-human,128
daily challenge,128
previously on - xbox gamepass,128
alternate reality,128
retro graphics,127
vision obstruction,127
pax prime 2011,127
physics manipulation,127
real time tactics,126
reptilian humanoid,126
gacha,126
inventory management,125
cult,125
meaningful choices,125
adult content,125
squad,125
castle,125
removed from steam,125
trophies,125
faith,125
gangs,125
manga,125
campaign,124
pre-rendered backgrounds,124
playdate catalog,124
previously on - apple arcade,124
unstable platforms,124
partial nudity,124
multiple playable characters,124
randomly generated dungeons,124
shape-shifting,124
bread,123
fox,123
collectible card game,122
broadcast,122
pax east 2012,122
spiky-haired protagonist,122
sidescroller,122
handheld electronic game,122
violent plants,121
manic shooter,121
shared screen,121
kaiju,121
fan service,121
pokemon,121
sonic,120
highscore,120
creature collector,120
previously on - prime gaming,120
playstation experience 2016,120
cartoon cutscene,120
slot machine,120
black protagonist,119
auto-aim,119
psychological,119
surveillance camera,119
yaoi,118
class-based,118
trading,118
development hell,118
conveyor belt,118
sailing,118
historical figures in fictional settings,117
playstation experience 2015,117
mature,117
airship,117
escape game,117
super-ness,117
nintendo switch online - expansion pack,116
solo developer,116
bundled with peripherals,116
recurring boss,116
evil organization,116
fitness,116
vampires,116
gore system,115
cold war,115
retro arcade shooter,115
pax south 2017,115
heavy metal,115
destruction,115
christianity,115
hexagon,115
robot protagonist,115
falling object,114
virtual reality experience,114
wild west,114
bosses,114
vent crawling,114
scary,114
fast traveling,114
invisible wall,114
competitve,113
respawning,113
warriors,113
mii support,113
2d fighting,113
heterochromia,113
portals,112
kung fu,112
touchdown,112
16-bit,112
physics-based platformer,112
power of friendship,112
particle system,112
sega channel,112
dsiware,112
tag teaming,112
video game characters that play video games,111
gamescom 2012,111
falling blocks,111
pax prime 2010,111
sexual themes,111
game title announcer,110
propaganda,110
card battler,110
minimalism,110
titular antagonist,110
guerilla warfare,110
hell,110
pixelart,109
future,109
fashion,109
one-handed gameplay,109
organized crime,108
on-the-fly character switching,108
based on - tabletop rpg,108
browser-based,108
dark comedy,108
match 3 game,108
text dialogue,108
dolphin,108
race cars,107
police chase,107
new protagonist in sequel,107
insanity,107
psychological thriller,106
unbeatable enemies,106
3d platform,106
food,106
surreal horror,106
game with chapters,106
severed limbs,106
dungeon,106
pax east 2015,106
color separation,106
restaurant,106
flying,106
spy,106
stage selection,106
trading card game,105
catapult,105
online coop,105
training mode,105
game boy link cable support,105
nintendo power,105
village,105
free game,104
shanghai,104
villain turned good,104
fairytale,104
ai-generated marketing,104
boomer shooter,104
dogs,104
ogres,104
falling sequence,104
multiplayer lan,104
level up,104
fixed camera,104
narrative adventure,103
shielded enemies,103
fascism,103
hidden room,103
punctuation mark above head,103
party-based combat,103
free,103
japanese mythology,103
fmv,102
local co-op,102
politics,102
world war i - ww1,102
yandere,102
nintendo network,102
musical peripherals,102
resistance,101
spiritual successor,101
censored version,101
gamescom 2014,101
team killing,101
damage over time,101
rally,101
first-person platforming,101
superdeformation,101
philosophical,101
phoenix,100
gliding,100
programming,100
narrative-driven,100
pre-order exclusive,100
branching plot,100
fireworks,100
off-tv play,99
monochrome,99
stg,99
commerce,99
squirrel,99
windows store,99
wrestling moves in non-wrestling games,99
ps1 inspired,99
comic book cutscene,99
puzzle games with stories,98
mission briefing,98
acrobatics,98
boxer,98
jumping puzzle,98
1bit,98
crpg,98
gorilla,97
mud,97
sixaxis support,97
multiple enemy boss fights,97
white noise,97
ranked match,97
close quarters combat,97
mayan,97
snowman,97
vpet,97
playstation mobile,96
pc to console port,96
rumble pak,96
innocent people die,96
bromance,96
slender,96
streetpass support,96
pilot,96
slender man,96
playstation now,95
games released for unsupported platforms,95
caveman,95
octopus,95
reluctant hero,95
pack-in game,95
western published japanese games,95
animal cruelty,95
queer,94
pixels,94
replayability,94
character growth,94
corrupt government,94
banter during gameplay,94
slavery,94
bees,94
aggressive door-opening,94
party-based,94
motion capture animation,94
pausable real time combat,94
science,94
esports,94
minimalistic graphics,93
subtitled silence,93
devil,93
horizontal shooter,93
non-linear storytelling,93
the game awards 2017,93
ai-generated text,93
god game,93
cosmic horror,93
lion,92
tabletop,92
karate,92
gamescom 2013,92
wii u pro controller support,92
lock picking,92
retroactive achievements,92
nameless protagonist,92
realistic,91
nonograms,91
alternate history,91
color customization,91
burnout,91
monster capturing,91
priest,91
incremental game,91
nonogram,90
apple arcade,90
meme origin,90
depression,90
competitive co-op,90
prequel,90
friendly fire,90
chessboard,89
liberation,89
transgender,89
book adaptation,89
dress-up,89
amare,89
optional boss,89
holiday themes,89
speedrun mode,89
digital pinball,88
cliffhanger,88
star wars,88
google play game services,88
renderware,88
snowboarding,88
real world fitness,88
future sport,88
possession,88
swarming enemies,87
obscure,87
environment as weapons,87
multi-phase boss,87
dedicated servers,87
special forces,87
audio logs,87
grand strategy,87
floating blocks,86
multiple storylines,86
duel,86
guild,86
tech trees,86
gacha system,86
students,86
communism,86
consolation achievements,86
in-game achievement menu,86
daily content,86
puzzles,85
crow,85
insects,85
go-kart,85
animal protagonists,85
black market,85
owl,85
character models based on actual people,85
mario fangame,85
alien protagonist,85
alternative history,85
versus,85
twin stick,85
swordplay,84
controller pak,84
vore,84
couch co-op,84
gardening,84
tactical rpg ( trpg ),84
train simulator,84
invisible enemy,84
vector graphics,84
super speed,84
linear,83
gnome,83
horse racing,83
weapon modification,83
bpjm indexed,83
disease,83
racism,83
pax east 2017,82
monster,82
unskippable cutscene,82
metaverse,82
grind,82
friendship,82
top-down,82
promo vhs,81
party-based rpg,81
4k ultra hd,81
interactive movie,81
psychic abilities,81
women in refrigerators syndrome,81
rail shooting segment,81
space shooter,81
casino,81
avatar awards,81
monster tamer,80
dark second act,80
black magic,80
mental health,80
avatar support,80
gamingator,80
guessing,80
racial stereotypes,80
mega man,80
in-game achievements,80
melee combat,80
reversible cover art,79
playstation home tie-in,79
humor,79
no hud,79
treasure hunt,79
vikings,79
ps2 classics,79
in-game e-mail,79
nextfest winter 2025,79
apple game center,79
no jumping,79
persistent world,79
suspense,79
professional gaming,78
rivalry,78
sponsored by a tv network,78
recruitable characters,78
horde mode,78
dimension travel,78
quicksaving,78
cross-dressing,78
in-game moves list,78
autobattler,78
girls love,78
boy x boy romance only,78
challenging,77
giants,77
pax 2009,77
whale,77
vehicle simulation,77
animal companions,77
based on - fairy tale,77
ai-generated translations,77
battleship,77
national basketball association,77
snes mouse support,77
telekinesis,77
bullet heaven,76
goat,76
class change,76
abandonware,76
dream sequence,76
deer,76
pool,76
train level,76
connectivity,76
squad based shooter,76
gamescom 2009,76
objective-based team gameplay,76
immersive sim,75
optional objective,75
multiplayer online battle arena,75
shogi,75
training,75
twitch integration,75
knights,75
creative,75
unlockable difficulty level,75
shaky camera,75
sex work,75
combat-based platformer,75
sudden death,75
breeding,75
barbarians,75
worm,75
starting grid,74
folklore,74
diplomacy,74
torture,74
tile matching,74
presidential protagonist,74
school life,74
konami code,74
brain training,74
cricket,74
evolution,74
robot,73
ai generated,73
androgyny,73
undertale fangame,73
bad endings with story,73
flip screen,73
mechanic,73
yokai,73
norse mythology,73
rock paper scissors,72
pikachu,72
previously on - pc gamepass,72
level select map,72
picross,72
slideshow cutscene,72
nostalgia,72
remote play,72
metagame,72
splash damage,72
unofficial remake,72
text-based,72
banned,72
lgbtq,71
fuel management,71
fandisc,71
danmaku,71
cybernetics,71
national football league,71
off-road racing,71
weapons,71
idol,71
hidden character,71
parallel worlds,71
monomyth,71
creature compendium,70
choice matters,70
based on - board game,70
playable boss,70
agriculture,70
content editor,70
typing,70
guest character,70
air strike,70
explorable world,70
resurrection,70
civil war,70
player vs environment,70
music creation,70
rebels,69
counter system,69
panda,69
parrying,68
easy,68
dart,68
time attack,68
morale,68
mermaid,68
business simulation,68
penguin,68
pokemon fangame,68
isolation,68
loot boxes,68
vehicles,68
tank controls,68
film noir,68
corruption,67
completion percentage,67
bear,67
war veterans,67
social deduction,67
hallucination,67
season winter,67
the game awards 2016,67
national hockey league,67
tokyo game show 2013,67
faceless protagonist,67
based on - internet phenomena,67
foreshadowing,67
hamster,67
ants,67
futuristic warfare,66
vampire hunter,66
multi-monitor support,66
pax 2008,66
seasons,66
lost media,66
developer cameo,65
grid-based puzzles,65
in-game radio,65
broken english,65
haunted house,65
no dialogue,65
rhythm,65
marbles,65
breakout,65
body horror,65
volleyball,65
anti-gravity racing,65
moving bodies,65
serial killer,65
anarchism,65
social,65
historical inaccuracy,65
franchise reboot,65
japanese culture,65
platform fighting,64
real-time battles,64
terraforming,64
versus screen,64
real time game clock,64
colony,64
valve anti-cheat,64
vr experience,64
open world survival craft,64
cutscene menu,64
yoshi,64
time loop,64
tyrannosaurus rex,64
pictographic level design,64
kill quest,63
king of the hill,63
hedgehog,63
streamer game,63
clan,63
hiding,63
hide and seek,63
ice skating,63
vaporware,63
pax east 2011,63
secret identity,63
fake glitch,63
in-engine cinematic,63
cards,63
snail,63
hotkey,63
asymmetric co-op,63
mahjong solitaire,63
liminal space,63
guided by radio,62
ai-generated sound effects,62
sequence breaking,62
necromancy,62
harem,62
scatological humor,62
archeology,62
unreliable narrator,62
breaking through windows,62
arcade racers,62
third eye,62
invasion,62
tooltips,62
wii remote support on wii u,62
zombie shooter,61
wraparound world,61
game titles that are also questions,61
alien world,61
car chase,61
radiation,61
non-five achievements,61
tokyo game show 2010,61
roaming encounters,60
vigilante,60
macromanagement,60
high sexual content,60
copyright infringement,60
mini golf,60
grand prix,60
gesture-based controls,60
invented language,60
no sexual content,60
bad parents,60
in-game announcer,60
heroic sacrifice,60
bug,60
simple,60
player's choice,60
you can pet the dog,60
online game,60
nurse,60
fish,60
time machine,59
cross buy,59
japanese idols,59
western games based on japanese ips,59
werewolf,59
space strategy,59
native american,59
behind the waterfall,59
non-violent,59
hospital,59
securom,59
asteroids,59
tokyo game show 2012,59
mouse only,59
breakout/arkanoid clone,59
sadism,59
crossword puzzles,59
pac-man clone,58
environmental kill,58
hexagon tiles,58
minesweeper,58
mystery dungeon,58
surprising character switches,58
nuclear war,58
pay-to-play,58
luigi,58
ascii,58
gladiators,58
bossfight,58
release upgrade,58
robbery,58
crocodile,58
wordle clone,58
developer voice acting,57
paladins,57
firefighter,57
potential love interest,57
planet destruction,57
based on - memes,57
action-rpg,57
starfish,57
global leaderboards,57
netflix games,57
2d fighter,57
adapted to - movie,57
synthwave,57
cannibalism,57
dark past,57
naval,57
vt3xx,57
notoriety system,57
time rewind,56
crowd control,56
first person horror,56
acronym titles,56
novint falcon support,56
arpg,56
zelda-like,56
pixel art game,56
europe,56
gamescom 2011,56
big head mode,56
verticality,56
hunter,56
vietnam war,56
ghoul,56
prince,56
eyetoy support,56
astronaut,56
adjustable difficulty,56
genie,56
monster truck,56
compact disc,56
white magic,56
centaurs,56
dualshock 4 support for pc,56
vhs,56
labyrinth,56
text-based adventure,55
fan translation,55
world domination,55
burning,55
aquarium,55
logic,55
interactive,55
photo mode,55
sokoban-like,55
3d fighter,55
igf awards,55
amiibo,55
multiplayer scoreboard,55
time paradox,55
box art - half of face displayed,54
multi-user-dungeon,54
geometry,54
wheelman,54
space exploration,54
lo-fi,54
demon invasion,54
infinite spawn,54
world building,54
super soldier,54
planet jumping,54
no blood,54
post-credits plot twist,54
fusion,54
mafia,54
sneaking mission,54
discontinued mmo,54
giraffe,54
bugs,54
food-themed stage,53
1990's,53
tropical,53
comic relief,53
yeti,53
agents,53
evil empire,53
surreal comedy,53
xbox play anywhere,53
unofficial demake,53
rougelite,53
linear plot,53
gravity control,53
drop-in drop-out,53
poverty,53
daily login rewards,53
the 1980s,53
musicians,53
contextual controller rumble,53
looter shooter,53
rage game,53
crude renditions of real people,53
jellyfish,53
two-handed weapons,53
pacifist playthrough,53
mascot horror,52
negotiation,52
yakuza,52
vietnam,52
alien,52
mii,52
unreleased,52
low sexual content,52
harder versions of earlier levels,52
inconvenient malfunction,52
chef,52
art game,52
jungle,52
christian themes,52
easy mode,52
play to earn,52
paranormal,52
hero,51
geography,51
private detective,51
camel,51
musical,51
past japan,51
based on - real people,51
physical copy protection,51
in-flight game,51
nft gaming,51
modern,51
yume nikki,51
sliding puzzle,51
day-based narrative,51
motocross,51
changing sides,51
anomaly,51
active ability,51
math games,51
games for windows - live,51
ancient rome,51
multiplayer,51
shaman,51
same name reboot,50
running,50
amusement park,50
grid-based,50
hostile a.i.,50
another world,50
short story,50
camera shift,50
builder,50
cartoon violence,50
sleeping enemies,50
valuable garbage,50
sideways wii remote gameplay,50
hip-hop,49
touchscreen controlled,49
real-time waiting,49
movement penalty,49
dynamic narrative,49
hex grid,49
religious themes,49
semi open world,49
super strength,49
camouflage,49
sherlock holmes,49
child protagonist,49
amazon,49
balance board support,49
dinosaur riding,49
planes,49
law,49
mascot sports,49
never re-released,49
carjacking,49
developer commentary,49
rhinoceros,49
student project,49
blackjack,48
tetris,48
second person perspective,48
scumm,48
undead invasion,48
ai-generated coding,48
choice and consequence,48
new purchase incentives,48
go,48
random character selection,48
non-game software,48
bat,48
interior design,48
hologram,48
sea monster,48
nuclear,48
kingdom,48
football manager,48
modern day japan,48
restoration,48
multiple route mystery,48
sibling rivalry,48
brick breaker,48
play coin support,48
comics,47
coloring,47
ancient china,47
sword,47
game sharing,47
hololive,47
counter-terrorists,47
god mode,47
cross culture language skills,47
bartender,47
dark ambient,47
sex change,47
endurance racing,47
starfleet,47
animation canceling,47
book tie-in,47
earth manipulation,47
claymation,47
ghost,47
exercise,47
nuclear fallout,47
bounty hunting,47
college,47
buddhism,46
jump game,46
warping,46
supply and demand,46
thief,46
scary children,46
elevator ambush,46
stickman,46
random level generation,46
zombie survival,46
virus,46
twitch,46
matchmaking,46
dragons,46
vtuber,46
education,46
previously on - horizon plus,46
using dialogue to avoid combat,46
save file unlockables,46
bullet,46
alligator,46
word puzzle,46
i spy,46
conquest mode,46
russia,45
enhanced version,45
roman empire,45
strafe-jumping,45
heist,45
hero turned evil,45
level cap,45
immortality,45
extreme sports,45
social simulation,45
on disc dlc,45
artifacts,45
scrolling shooter,45
blindness,45
parrot,45
movie tie in,45
steam deck,45
gender exclusive equipment,45
china,45
lore rich,45
united federation of planets,45
defense,45
alien languages,45
boar,44
wii remote infrared pointer gameplay,44
running towards the screen,44
secret history,44
one-button control,44
bards,44
gog preservation program,44
sociopathy,44
vertical platforming,44
king,44
montreal canadiens,44
bull,44
drone,44
words,44
upgrade,44
esport,44
pax east 2010,44
age progression,44
duck,44
level scaling,44
dark elves,44
game based on tv show,44
upgradable weapons,44
investigations,44
transformation,44
ancient egypt,44
animal antagonist,44
rangers,44
boss rush,44
painting,44
pax east indie showcase,44
fully customizable controls,44
indiedb,44
upgradable equipment,44
swordsman,43
gamecube controller support on wii,43
summoners,43
managerial,43
the game awards - world premiere,43
islam,43
car accident,43
youtuber,43
srpg,43
frankenstein's monster,43
journalist,43
released between christmas and new year's day,43
zoom platform,43
quickloading,43
8-bit style,43
rituals,43
alien abduction,43
sacrifice,43
hippopotamus,43
gibberish,43
persistent enemy,43
siege warfare,43
player created party,42
pregnancy,42
blacksmith,42
rugby,42
elementals,42
a.i. construct,42
videotape,42
forced slow walking,42
surgery in game,42
1940s,42
japanese rpg,42
many choices,42
famous quotes,42
x-wing,42
flash game origin,42
fury,42
outside of the map,42
hard,42
zelda,42
zero point achievements,42
magic school,41
multiplayer fps,41
dodgeball,41
working for the enemy,41
psychological exploration,41
shadow stealth,41
female wrestler,41
tiger,41
stylish action,41
h. p. lovecraft,41
polar bear,41
rabbits,41
pong,41
galactic empire,41
walking through walls,41
music based,41
victory music,41
greek alphabet,41
nextfest fall 2022,41
adamantium,41
conveniently obscured nudity,41
replay value,41
vocaloid,41
racing simulator,41
slip cover packaging,41
skill-based,41
infinite runner,40
cinematic jump,40
sumo wrestler,40
armageddon,40
continue countdown,40
petrification,40
humour,40
barbarian protagonist,40
mansion,40
removed from xbla,40
galactic civil war,40
villain protagonist,40
donkey kong,40
pvpve,40
misrepresentative box art,40
ape,40
shooting range,40
angels,40
companion app,40
psychopathy,39
predecessor included,39
the backrooms,39
tokyo game show 2009,39
tetris clone,39
collection marathon,39
interrogation,39
recurring character,39
endless mode,39
80s,39
stormtrooper,39
mixed reality,39
tcg,39
mild horror,39
ds microphone use,39
cross genre,39
head tracking,39
ancient curse,39
wario,39
psychics,39
dance mat,39
crash landing,39
castaway,38
nintendo 64 transfer pak,38
islands,38
tiny protagonist,38
color blind assist,38
snooker,38
nintendo power service,38
clouds,38
fitness game,38
battery save,38
qr codes,38
language learning,38
comicbook style,38
respawn justification,38
anti-cheat system,38
eat or be eaten,38
runes,38
cockroach,38
cryokinesis,38
germany,38
meta,38
canonical death,37
cartoon network,37
tokyo,37
strategic dismemberment,37
super combo,37
retro styled,37
spirits,37
groundhog day scenario,37
tokyo game show 2008,37
stacking,37
branching paths,37
tokyo game show 2014,37
beautiful,37
nightmare,37
crime solving,37
kangaroo,37
store management,37
quick-time events,37
power-ups,37
active time battle,37
enemy tagging,37
disorientation zone,37
banshee,37
town building,37
community developed,37
optional touch control,37
zebra,36
space flight,36
anti-villain,36
pocketstation support,36
infinite pockets,36
looter,36
cutscene pause,36
disc streaming,36
retro future,36
giant squid,36
santa claus,36
mascot platformer,36
garden,36
museum,36
1920s,36
survival shooter,36
ranking,36
kill streak,36
story mode,36
leveling,36
secret past,36
animated cutscenes,36
one thousand and one nights,36
asymmetric gameplay,36
false death,36
orphan,36
endless,36
sabotage,36
evo championship series,36
budget title,36
evolving title screen,36
little red riding hood,36
speech synthesis,36
brazilian culture,36
united states army,36
ocean,35
auto runner,35
baltimore orioles,35
nfl,35
ship deck battle,35
wii nunchuk support on wii u,35
increasing difficulty,35
spaceship customization,35
minigame,35
underground,35
base defense,35
one year war,35
sliding down ladders,35
ships,35
giant monsters,35
optional censorship,35
wiggler,35
nintendo ds rumble pak,35
on-site procurement,35
beetle,35
flowers,35
satanism,35
isometric,35
table tennis,35
soccer manager,35
capybara,35
unattainable achievements,35
game console,35
political simulation,35
biotechnology,35
text-heavy,35
xbox live achievements,35
twitch chat,35
san antonio spurs,35
removed from gog.com,35
cross-save,35
chosen one,35
squad based,35
animal-based,35
quest tracking,35
spaceships,35
basilisks,35
challenging gameplay,35
princess peach,34
detective mode,34
game boy aesthetic,34
direct continuation,34
mickey mouse,34
interconnected-world,34
crank controls,34
wordle,34
available on - viveport infinity,34
digging,34
nba,34
disorientation,34
love story,34
missile launcher,34
miiverse integration,34
san diego padres,34
pirate,34
science-fantasy,34
soft reset,34
memory game,34
eldritch horror,34
punks,34
sequel by a different developer,34
bribery,34
interquel,34
guns and bullets,34
dream world,34
railroad simulation,34
france,34
e-reader,34
cinderella,34
sequel is in a different genre,33
my little pony fangame,33
hidden secrets,33
buffalo bills,33
winter,33
tomboy,33
tribe,33
bombs,33
web,33
buddy system,33
prototype found,33
keychain electronic game,33
spider-man,33
boston celtics,33
giant environment,33
levitation,33
all-girl fighting roster,33
ps1,33
sword fighting,33
flight simulation,33
musician protagonist,33
combat dialogue,33
chemical warfare,33
monarchy,33
living inventory,33
travel,33
action combat,33
natural disaster,33
realtime 3d,33
controversial,33
jester,33
chemistry,33
godzilla,33
map movement,33
reversi,33
xbox live aware,33
3-d glasses,33
italian mafia,33
tile based,32
alternative blood,32
edo era,32
arcade shooter,32
space travel,32
tragic villain,32
bmx,32
space adventure,32
off-roading,32
gamescom 2010,32
nonlinear,32
samsung gear vr support,32
world war iii,32
framing,32
racing sim,32
farm,32
occult,32
made in brazil,32
secret agent,32
snes enhancement chip - sa1,32
backrooms,32
curse,32
action platformer,32
based on - public domain work,32
weapon workshops,32
historical japan,32
virtual youtuber,32
reviewed by avgn,32
factory,32
animal weaponry,32
skydiving,32
romance of the three kingdoms,32
flappy bird clone,32
extraction shooter,32
base management,32
simulated operating system,32
camera control,32
pickpocketing,32
timeskip,31
visible encounters,31
twitch plays,31
god complex,31
early branching plot,31
co-op campaign,31
illuminati,31
spectacle fighter,31
italian accent,31
youtube integration,31
incremental,31
rotating platforms,31
2d art,31
kirby,31
naval combat,31
spot the difference,31
2d animation,31
blobber,31
indiegogo,31
skating,31
playable character - luigi,31
stealth camouflage,31
previously on - netflix,31
new york yankees,31
ps1 style,31
character import,31
tank simulator,31
reincarnation,31
zombie apocalypse,31
online pvp,31
women,31
gangster,30
gun,30
never released outside of bundles,30
italy,30
motion-sensor bomb,30
point of no return,30
secret areas within secret areas,30
decoration,30
achievement attempt detection,30
arena combat,30
fruits,30
new york knicks,30
simon says,30
face mapping,30
raiding,30
josei,30
dialogue choice,30
xbox live vision,30
southern american themes,30
office,30
psychotherapy,30
unique art style,30
memory,30
the game awards - game of the year - nominee,30
tank combat,30
super scaler,30
turkey,30
drawing,30
tiger i,30
tamagotchi,30
color cartridges,30
surfing,30
digital pet,30
escape from exploding building,30
cleaning,29
obstacle course,29
rushdown,29
beach volleyball,29
gay protagonist,29
brazilian grand prix,29
new york rangers,29
soul steal,29
undead pirates,29
goddess,29
ship simulator,29
streamers,29
suika game,29
bafta games award,29
shooting gallery,29
music recollection,29
lego,29
accessibility options,29
survival management,29
space mining,29
upgrades,29
unskippable tutorial,29
ghostbusting,29
game collection,29
zoo,29
military jargon,28
april fools,28
ps2,28
tape recorder,28
domino,28
old-fashioned english,28
order and chaos,28
nsfw_dlc,28
1930s,28
silly,28
zero to hero,28
gplv3,28
lifestyle,28
sengoku period,28
circus,28
mushroom,28
gamescom 2015,28
medical,28
game development,28
traditional roguelike,28
otaku,28
optional lore,28
moose,28
futuristic game show,28
chinese accent,28
character development,28
available on - pc gamepass,28
toy compatibility,28
time stopping,28
public domain,28
potions,28
fan remake,28
the crusades,28
realistic ballistics,27
qwoplike,27
divine punishment,27
slasher,27
enforced playing order,27
chelsea football club,27
space battles,27
space ship,27
steelbook,27
bangsian fantasy,27
tech demo,27
shinto,27
gmtk game jam,27
fear,27
new york,27
oddly-shaped cartridge,27
playstation eye support,27
screen overlay,27
haunted ps1,27
netflix,27
resized enemy,27
fan translation - spanish,27
artistic,27
philosophy,27
photorealistic,27
satellaview soundlink support,27
physical release,27
jumping,27
arrival by crash landing,27
trainer,27
vt03,27
nuclear holocaust,27
dream diary jam,27
promotional,27
ancient greece,27
laserdisc,27
cthulhu,27
text adventures with illustrations,26
j2me,26
mission editor,26
released in a bundle,26
heal over time,26
mii as playable character,26
random stage selection,26
endless waves,26
multi-selection choices,26
animal petting,26
asymmetrical survival horror,26
hanafuda card games,26
cross-platform,26
tmnt,26
machinima,26
rolling ball,26
ai-generated concepts,26
technical platformer,26
rescue mission,26
dynamic difficulty,26
game boy printer support,26
tragedy,26
gothic lolita,25
rats,25
minecraft,25
vmu support,25
street sports,25
unlockable characters,25
playing dead,25
the game awards - best performance - nominee,25
backgammon,25
you play as the villain,25
xenomorph,25
ai,25
moth,25
viking mythology,25
money,25
poltergeist,25
save anytime,25
celebrity,25
suppressive fire,25
hotel,25
nonbinary protagonist,25
storybook,25
illusion,25
foddian,25
lumberjack,25
raccoon,25
ghostly manifestation,25
africa,25
horses,25
birthday acknowledgement,25
femme fatale,25
media type - cartridge,25
real-time over pre-rendered movies,25
snake clone,25
soviet union,25
atheism,25
achievement hitching,25
the game awards - best narrative - nominee,25
urban fantasy,25
shoto-clone,25
zelda fangame,25
gothic horror,25
transhumanism,25
red vs blue,24
changing dimensions,24
light gun,24
central intelligence agency,24
playstation 2,24
skull for a head,24
private military company,24
dice game,24
global game jam,24
oldschool,24
anthology,24
pet raising,24
selective invincibility,24
flower picking,24
conga line party,24
to be continued,24
simultaneous turns,24
united states,24
xbox live arcade,24
shoot the core,24
movies,24
king arthur,24
kinect required,24
hacking simulator,24
elephant,24
renovation,24
lucha libre,24
bicycling,24
ambient,24
playdate season 1,24
monsters that look suspiciously like genitalia,24
playstation mouse support,24
genocide,24
london,24
spongebob,24
summer olympics,24
drpg,24
mars,24
alternative puzzle solutions,24
the game awards - best art direction - nominee,24
new nintendo 3ds enhanced,24
berserkers,24
sealing your own fate,24
mid-development ip split,24
meditation,24
teamwork,24
nazi occultism,24
sensory overload,24
full voice acting,24
motion controls,24
the game awards - best family game - nominee,24
movie games,24
story recap,24
adapted to - tv show,23
nanotechnology,23
indievania,23
multi-tier combat,23
space invaders clone,23
the game awards - best game direction - nominee,23
anime-based playable characters,23
ghost hunter,23
idol simulation,23
brazilian folklore,23
wrestlemania,23
over 100% completion,23
predator,23
restaurant management,23
spelling,23
late localization,23
bully mode,23
demonic protagonist,23
friend codes,23
zombie virus,23
taekwondo,23
motion plus support,23
maze chase,23
scorpion,23
street fighting,23
goblin,23
diving,23
in-game anti-piracy effects,23
plane shifting,23
exorcism,23
ghost hunting,23
horde,23
modding support,23
based on - toy,23
tap controls,23
super deformed cg's,23
third-person narrative,23
demon hunter,23
wwe championship,23
psychological trauma,23
egyptian mythology,23
slavic folklore,23
mexico,23
haunted,23
all-girls school,23
voiced narration,23
wave attack,23
diablo-like,23
coffee,23
viral achievement,23
keyboard and mouse support for consoles,23
circle pad pro support,23
cowboys,23
two difficulty levels at once,23
wall building,22
steam turn notifications,22
inverted controls,22
chameleon,22
biblical quotes,22
passive ability,22
cars with no drivers,22
souls as currency,22
fate,22
nintendo wi-fi pay and play,22
fan translation - chinese,22
panzer iv,22
rc vehicle,22
dolls,22
wii zapper compatibility,22
minecraft inspired,22
presidential candidate,22
waking up captured,22
my little pony,22
rhydon,22
combat simulator,22
nameless location,22
i-mode,22
unlockable choices,22
parasect,22
freeform combat,22
airplane combat,22
carnival,22
power forward,22
dungeons & dragons,22
extraction,22
ps3 & vita cross-play,22
battle arena,22
abuse,22
motorcycle helmet,22
1950s,22
movement shooter,22
online ranking,22
uncanny valley,22
promotional tie in,22
playstation move,22
batman,22
the legend of zelda,22
rhyhorn,22
swinging platforms,22
music speed up,22
demolition derby,22
scavenging,22
mega man x,22
based on - true story,22
synaesthesia,22
timed choices,21
soviet russia,21
bomberman clone,21
the game awards - best audio design - nominee,21
mosquito,21
toy soldier,21
discovery,21
underworld,21
scuba diving,21
rokuro head,21
mirror mode,21
adapted to - manga,21
disfigurement,21
satellaview view-limited games,21
initial install,21
undertale,21
forbidden love,21
post-match awards,21
active stealth,21
workbench mechanics,21
space warfare,21
ultimate team,21
free roam,21
distaff counterpart,21
cel-shading,21
crucifix,21
elevators that mask loading times,21
soul reaper,21
desert,21
musical themes,21
dualsense support for pc,21
game boy advance link cable support,21
loot,21
played without touching a controller,21
vegetables,21
the game awards - best action-adventure game - nominee,21
drowzee,21
leopard,21
drawbridge,21
infection,21
cinematic platformer,21
newgrounds,21
dungeon management,21
monster girls,21
legendary pokémon,21
mine cart sequence,21
gameplay twist,21
clefable,21
sega naomi,21
castlevania,21
england,21
killcam,21
alpine skiing,21
celtic mythology,21
afterlife,20
crt filter,20
forensics,20
collecting items,20
feudalism,20
youtube,20
fan translation - russian,20
dos,20
hammer bros.,20
wormhole,20
scp,20
bullet grazing,20
tolkien,20
shield,20
absurd,20
tag,20
alien attack,20
dynamic split-screen,20
time trial,20
vampirism,20
hacker,20
anaglyph 3d,20
high fantasy,20
competitive multiplayer,20
street basketball,20
1v1,20
drm free,20
sword fight,20
homestar runner,20
donut block,20
mission based,20
monster catching,20
no respawn,20
enforced speeding laws,20
two screen multiplayer,20
heardle,20
winter sports,20
anxiety,20
tavern,20
chat interaction,20
no-reticle aiming,20
nonexistent light source,20
memories,20
one button combat,20
reference to other games,20
plant,20
fast mini-games,20
catch phrase,20
pinball machine,20
writing,20
bizarre,20
the little mermaid,20
mp7,20
urban legends,20
fan translation - esperanto,20
regicide,20
stanley cup,20
panther,20
russian,20
moai,20
dual-monitor arcade games,20
2000s,20
wiiconnect24,20
super mario bros.,20
classless mmo,20
psn play,19
adult humor,19
terminal illness,19
year x,19
reset button,19
monologue,19
micro games,19
madness,19
pom-pom,19
truck simulator,19
flappy bird,19
robot dog,19
fake tv show,19
unrequited love,19
checkers,19
chef's hat,19
cold open,19
combo breaker,19
unforgiving,19
wargame,19
renpy,19
gems,19
tower reveals map,19
rock climbing,19
kart racing,19
missing relative,19
beach,19
achievements for starting the game,19
victorian age,19
wildlife,19
beauty and the beast,19
goose,19
tactician,19
mini game,19
korean rpg,19
grid,19
air hockey,19
tomb raiding,19
cancelled episodic game series,19
megaphone,19
unlockable gallery,19
interactive achievement awards 2005,19
pre-rendered graphics,19
live action,19
ezweb,19
boardgame adaptation,19
orphan protagonist,19
social game,19
trade and economics,19
ea game face,19
church,19
analog horror,19
box art - pixel art,19
mathematics,19
2048 clone,19
no game pause,19
armadillo,19
nintendo power exclusive,19
india,19
boat racing,19
running gag,19
based on - folk tale,19
car battle,18
alternate dimensions,18
jedi,18
mages,18
single ending,18
tarot,18
gbjam,18
the game awards - best score or music - nominee,18
nordic mythology,18
redemption,18
split screen event,18
match 4,18
pawapurokun,18
transport,18
balance platforms,18
prototype only,18
bus simulation,18
19th century,18
brazilian politics,18
warrior,18
japanese grand prix,18
whac-a-mole,18
unlockable items,18
watara supervision,18
interactive battle system,18
removed from eshop,18
neo noir,18
played for charity,18
pseudo non-linear,18
extinction,18
profanity in the title,18
rotoscoping,18
based on - web show,18
moon,18
alter ego,18
baking,18
rebellion,18
multiplayer via serial cable,18
cross-play,18
platform change,18
based on - real events,18
chessboard gameplay,18
lost in translation,18
active reload,18
shiba inu,18
trophy system,18
bugs bunny,18
battlefield,18
new xbox experience,18
mega man fangame,18
coloring book,18
vaporwave,18
numerical title,18
colony builder,18
oculus touch support,18
cloud saves,17
lag calibration,17
united states air force,17
alternative universe,17
nightmares,17
neon,17
lycanthropy,17
day one patch,17
xbox live local multiplayer,17
ancient civilization,17
navy seals,17
tiger ii,17
nazi zombies,17
gunship,17
super famicom nintendo power service,17
blender,17
siren head,17
queens,17
sega meganet,17
direct control of units,17
diary pages,17
mute character,17
explosives,17
horde survival,17
trippy,17
unofficial crossover,17
fact-based shooter,17
danganronpa fangame,17
mega man clone,17
games to interact with your stream chat,17
dwarf,17
riddles,17
religious,17
english not supported,17
brutal,17
llama,17
sexual violence,17
nintendo ds tag mode,17
exploration driven,17
italian grand prix,17
music-generated content,17
middle ages,17
cafe,17
guidance gameplay,17
dsi camera support,17
lego bricks,17
cooking simulation,17
humble original,17
ship,17
the game awards - best multiplayer game - nominee,17
rogue protagonist,17
final fantasy,17
finland,17
kinect,17
nomads,17
clutter,17
adultery,17
addiction,17
ai-generated video,17
goofy,17
previously on - horizon catalog,17
skippable gameplay,16
motion tracker,16
nextfest fall 2024,16
iron maiden,16
elementalist,16
d.i.c.e. awards 2017,16
spanish grand prix,16
collective conciousness,16
virtual shop,16
canadian grand prix,16
2d rpg,16
chill,16
lcd display,16
wizardry,16
knowledge,16
bronze age,16
music album,16
hollywood,16
stone age,16
dream diary jam 8,16
landmark button,16
local and online players together,16
h.p.lovecraft,16
customize,16
archive,16
masochism,16
among us,16
game & watch: multi screen,16
cyberpunk rpg,16
digital-only release,16
jungle warfare,16
french,16
donkey kong clone,16
kickstarter unsuccessful,16
british grand prix,16
hungarian grand prix,16
german grand prix,16
aftermarket release,16
dolphin diving,16
battle mage,16
fan translation - polish,16
rumble cartridge,16
china exclusive,16
danger zone,16
real world,16
robot combat,16
stunts,16
linear overworld,16
monster movies,16
extra mode,16
rube goldberg puzzler,16
deltarune,16
caravan shooter,16
auto chess,16
virtual joystick,16
crowdfunding - patreon,16
japanese folklore,16
octillery,16
library,16
quest hub,16
the game awards - best action game - nominee,16
snes enhancement chip - dsp-1,16
really unfortunate game name,16
hatsune miku,16
australian grand prix,16
sea battles,16
journey,16
in-game currency,16
miiverse stamps,16
starship,16
mechs,16
onomatopoeia in title,16
computer,16
level creation,16
blamed for real life murders,16
tokyo game show 2011,16
life and death,16
bonus game,16
password save,16
satellaview demo/trial release,16
bomb defusal mode,16
hangman,16
spell caster,15
real-world contest,15
poetry,15
daffy duck,15
norse,15
american history,15
scooby-snacks,15
20th century,15
european grand prix,15
super scope support,15
taiko drum,15
license hell,15
ouija board,15
virtual world,15
vtech vreader,15
major league baseball,15
digivolution,15
western rpg,15
mental illness,15
digimon,15
nintendo vs. system,15
swat,15
full-screen attack,15
drill,15
ai programming,15
1960s,15
russian roulette,15
static defense,15
fake game over screen,15
interactive achievement awards 2007,15
conjuration,15
fastpace,15
nintendo e-reader,15
psychology,15
external character creation,15
hercules,15
business simulator,15
the game awards - best roleplaying game - nominee,15
based on novel,15
spike video game awards 2003,15
rom,15
asexual,15
mutation,15
chinese mythology,15
disc golf,15
reality tv,15
the game awards 2014,15
interactive achievement awards 2002,15
interactive achievement awards 2004,15
tailing mission,15
pinball stage,15
smartglass support,15
marvel,15
delivery,15
21st century,15
centipede,15
link,15
roaming the countryside,15
echolocation,15
25d,15
geolocation,15
porcupine,15
dramatic,15
boomerang bros.,15
language learning - japanese,15
stalker,15
diddy kong,15
power leveling,15
sphinx,15
nes launch titles - north america,15
season summer,15
cumulative team respawn limit,15
zombie protagonist,15
mice,15
sega forever,15
hunters,15
lord of the rings,15
bullying,15
retrievable traps,14
shop keeper,14
based on - card game,14
balloon,14
multitouch,14
donald duck,14
environmental hazards,14
the game awards - most anticipated game - nominee,14
playstation china hero project,14
car racing,14
monstergirl,14
coding,14
old mobile game,14
rpg maker horror game jam,14
moat,14
interactive achievement awards 2000,14
extreme,14
smuggling,14
rotation,14
entering world in a painting,14
youtube playables,14
australia,14
keyboard game,14
promotional drink tie-in,14
interactive achievement awards 2009,14
nobilitease,14
frogger,14
re-numbered franchise,14
mercenaries,14
dragon ball z,14
canon star wars,14
leeds united football club,14
steam pre-purchase rewards,14
nintendo switch eshop,14
mega evolution,14
boat,14
xbox achievements,14
unknown species,14
autobiography,14
aztecs,14
spooktober,14
hand-painted,14
dungeon fighter,14
eurofighter typhoon,14
fan translation - german,14
monopoly,14
sfw,14
party customization,14
merge,14
numbers,14
resident evil,14
games advertising games,14
spinoff,14
victorian london,14
total conversion,14
custom ui,14
built-in game,14
wall climbing,14
korea,14
metroid,14
x-ray damage,14
astral projection,14
last man standing,14
korean war,14
design,14
saturday morning cartoon,14
indonesia,14
san marino grand prix,14
super hero,14
atlantis,14
ecological,14
merge game,14
settlement building,14
lost soul,14
hippies,14
automobile,14
ludum dare 55,14
platoon,13
cryptic,13
rome,13
australian,13
website integration,13
ethereum,13
artsy,13
bishoujo,13
crazy,13
proximity voice chat,13
indigenous,13
rogue cop,13
decorate,13
health from romance,13
randomizer,13
foraging,13
graphics overhaul,13
wasteland,13
18th century,13
ludum dare 48,13
roguelike horror,13
nes and famicom peripheral - zapper,13
fanfiction,13
genius heroine,13
d.i.c.e. awards 2016,13
nintendo super system,13
super fx,13
airport management,13
synergies,13
graveyard,13
passage of time,13
trpg,13
research,13
hand-animated,13
sufami turbo,13
controller overlay,13
comeback mechanic,13
frogger clone,13
trucks,13
novaworld,13
interactive achievement awards 2012,13
bl,13
phobia,13
harry potter,13
poem,13
modern day mythology,13
dreamcore,13
dieselpunk,13
crowdfunding - catarse,13
fan translation - romanian,13
fan translation - galician,13
club nintendo,13
ludum dare 46,13
reboot,13
interactive achievement awards 2003,13
health warnings,13
ludum dare 41,13
colorblind friendly,13
harvesting,13
cyberspace,13
anomaly hunt,13
unofficial sequel,13
mod origin,13
imperial japanese navy,13
emoji,13
fan translation - italian,13
interactive achievement awards 2011,13
air dasher,13
tank game,13
trail of death,13
tower offense,13
taz the tasmanian devil,13
earthbound,12
tournaments,12
paris,12
insect infestation,12
unskippable intro movies,12
game wave,12
american,12
partially voiced,12
film,12
krookodile,12
eb games expo australia,12
historical events,12
language learning - english,12
crane puzzle,12
metafiction,12
elevator music,12
chaos,12
collaboration,12
made in japan,12
leapfrog didj,12
corporation,12
taste of power,12
unlockable event,12
witch hunter,12
all-female cast,12
illegal racing,12
homage box art,12
fictional world,12
intentionally awkward controls,12
disney,12
geomancer,12
superman,12
tiered exploration,12
gulf war,12
spiders,12
low fantasy,12
reading,12
stick figures,12
virtual boy,12
lowrezjam,12
space opera,12
3v3,12
blockbuster exclusive release,12
battle.net,12
unlockable side stories,12
unresolved stories,12
vintage,12
game boy palette,12
archangel,12
fake interactivity,12
monster collector,12
always online,12
pokemon clone,12
chaotic,12
monster hunter,12
historical fiction,12
regional censorship,12
gamescom 2016,12
gameking,12
armor,12
spells,12
gender recasting,12
utility,12
level by doing,12
fan translation - latin,12
fan translation - indonesian,12
nintendo 3ds ambassador program,12
no ai,12
the game awards - best sports or racing game - nominee,12
double agent,12
playdate trophy case,12
game creator,12
spike video game awards 2008,12
historical adventure,12
mirrored maps,12
single item inventory,12
delinquency,12
usa,12
music-themed stage,12
dual wield,12
bridge building,12
italian game,12
space station,12
plague doctor,12
gothic romance,12
aesthetics,12
sea,12
random puzzle generator,12
billiards game,12
reversed controls,12
one piece,12
yoga,12
genetic experiment,12
extraction horror,12
dial-up wide area network game operation,12
igmc,12
sweden,12
season spring,12
editor,12
bdsm,12
crude humor,12
roadie running,12
spike video game awards 2010,12
gamecube,12
gym leader,12
inner-thoughts world,12
reciting movie lines,12
gp32,12
rhino,12
spotpass support,11
pyromancer,11
stop motion,11
sword sorcery,11
fighting heroine,11
isekai,11
judaism,11
hinduism,11
french revolution,11
police simulator,11
fan translation - korean,11
arm wrestling,11
summer consumer electronics show 1990,11
peter pan,11
meiji period,11
hotel management,11
civilizations,11
titanic,11
alcohol,11
warp zone,11
combo multiplier,11
czech,11
coins,11
gamecube - game boy advance link cable,11
4k,11
dreamlike,11
supermarket simulator,11
match 2,11
psg1,11
rom hack,11
title changed after release,11
emulation,11
ai-powered,11
power glove support,11
memorial,11
pc-98,11
cops,11
the game awards - best vr game - nominee,11
crowdfunding - indiegogo,11
kemono,11
picture-based logic-puzzle,11
music exportation,11
nintendo 3ds eshop,11
faceless antagonist,11
no wrong choice,11
amphibian humanoid,11
cartography,11
graphical interactive fiction,11
hitman,11
narrator,11
terrorism,11
die and retry,11
dragon riding,11
contest-driven development,11
canada,11
no combat,11
ludum dare 44,11
dragon ball,11
lunar cycle,11
asymmetrical,11
coloful,11
soul edge,11
amazon game connect,11
mind quiz,11
yahoo keitai,11
mild nudity,11
spain,11
taishou era,11
dynamic world,11
charlotte hornets,11
hercule poirot,11
video mode,11
grip mechanic,11
middle ages europe,11
nukige,11
spike video game awards 2005,11
the game awards - game of the year - winner,11
language,11
biking,11
offline mmorpg,11
aberrant a.i. behaviour,11
single screen,11
interactive achievement awards 2001,11
3rd party accessories required,11
penguins,11
google doodle,11
vtxx,11
the game awards - games for impact - nominee,11
native americans,11
gamedev,11
historical china,11
d.i.c.e. awards 2014,11
multiplayer only,11
donald trump,11
horse archery,11
localized soundtrack,11
revenge meter,11
web integration,11
action roguelite,11
space invaders,11
barcode battler enhanced,11
summer,11
linear motion battle system,11
actor,11
impossible to lose,11
ludum dare 57,11
retailer exclusive,10
super smash bros,10
goths,10
couch gaming,10
nokia,10
custom controller,10
james bond,10
namco system 22,10
text parser,10
board,10
fan translation - tagalog,10
vn cup,10
1970s,10
sonic blast,10
logistics,10
world history,10
traffic,10
momentum,10
plagiarism,10
social issues,10
unique battle system,10
agent,10
ukraine,10
dancer,10
trivia battle,10
missing features,10
fisherman,10
water sports,10
interactive achievement awards 2006,10
family drama,10
treasure hunter,10
hamburgers,10
1-to-1 motion control,10
shanzai,10
asian protagonist,10
norway,10
interactive achievement awards 2008,10
talking dog,10
spike video game awards 2009,10
world exploration,10
maze crawler,10
othello,10
lunatic,10
chernobyl,10
japan exclusive,10
learning,10
rotating joystick control,10
wrestling game,10
silvio santos,10
beasts,10
source port,10
the game awards - best independent game - nominee,10
amiga,10
meditative,10
flash drive,10
monthly subscription,10
ludum dare 49,10
konami,10
ludum dare 47,10
azumanga daioh,10
accessibility,10
n-gage 2 0,10
n-gage service,10
scrabble,10
apocalyptic,10
curling,10
fan translation - japanese,10
found footage,10
angry birds,10
irish mythology,10
indiana jones,10
day one dlc,10
platinum,10
1910s,10
generation shift,10
ability system,10
adapted to - theater,10
analog,10
road trip,10
experiment,10
two players on one controller,10
spike video game awards 2007,10
calm,10
top down shooter,10
kissing scene,10
suika,10
psychological problems,10
mild suggestive themes,10
evangelion,10
roguelike platform,10
the game awards - best strategy game - nominee,10
full game unlock,10
game cartridge,10
indie mmorpg,10
battletech,10
prommercial,10
missable achievements,10
supermarket,10
contest,10
pc only,9
ambient sounds,9
preschool,9
geoscape,9
region locked,9
toad,9
ecosystem,9
vt168,9
the game awards - best mobile game - nominee,9
united states grand prix,9
cozy horror,9
body builder,9
windows pre-installed games,9
xuan-yuan sword,9
donuts,9
international version,9
fanservice,9
bodycam,9
the game awards 2015,9
playlink,9
raptor,9
wii u gamepad microphone use,9
cryptid,9
power glove,9
kinect playfit support,9
d.i.c.e. awards 2013,9
bandicoot,9
roman mythology,9
d.i.c.e. awards 2015,9
paper aesthetic,9
newspaper,9
tokusatsu,9
tokyo game show 2015,9
milkshake,9
stickers,9
chillout,9
match three,9
poop,9
lava,9
environmental,9
xbox live cross-platform multiplayer,9
the game awards - best action-adventure game - winner,9
relationship problems,9
steam trading,9
hearing impairment,9
heartwarming,9
unreleased games with an aftermarket release,9
saving the president,9
super powers,9
cannon,9
microphone use,9
jazz,9
ludum dare 51,9
taxi,9
hong kong,9
lighthouse,9
managment,9
scenario selection,9
character action,9
pre-installed game,9
cozy adventure,9
community content,9
store,9
plumber,9
style,9
cartoon cinematics,9
nes game pak - namco 163,9
life simulator,9
google play achievements,9
night shift,9
motion plus required,9
navigation,9
tech-noir,9
korean game,9
alice in wonderland,9
monk,9
san francisco,9
lowrezjam 2014,9
puns,9
end of the world,9
e-sports,9
american revolution,9
wii speak support,9
fandub - brazilian portuguese,9
nautical,9
based on - reality show,9
one button game,9
the simpsons,9
interactive achievement awards 1999,9
spike video game awards 2006,9
ray tracing,9
impossible 100% completion,9
smoking,9
built-in encyclopedia,9
virtual life,9
nonbinary,9
cloud gaming,9
disability,9
mini arcade,8
roadtrip,8
game within a game,8
pax east 2020,8
comfy,8
idle shooter,8
shadow the hedgehog,8
marble popper,8
renaissance,8
gamefi,8
collect insects,8
axe,8
ice cream,8
plane crash,8
quake,8
the game awards - best fighting game - nominee,8
play with friends,8
outside of time and space,8
the game awards - best independent game - winner,8
reideen,8
pandemic,8
sprite viewer,8
nsfw option exists,8
zen,8
mexican culture,8
journey to the west,8
animatronics,8
vt02,8
folktale,8
exploring yourself,8
self-discovery,8
region locked multiplayer,8
femboy,8
game developers choice awards 2015,8
d20,8
vga graphics,8
the game awards - best multiplayer game - winner,8
lost prototype,8
winter olympics,8
twitch extension,8
pop culture,8
ranged combat,8
asia,8
modern day earth,8
miami,8
chinese grand prix,8
map creation,8
sega model 3,8
laboratory,8
spike video game awards 2004,8
wii remote speaker phone simulation,8
hard mode exclusives,8
word search,8
lemmings,8
ubi key,8
poland,8
utopian civilization,8
spanish culture,8
spider solitaire,8
weightlessness,8
imperial japanese army,8
ludum dare 38,8
reimagined,8
tilt control,8
animal crossing,8
based on - web novel,8
beer,8
global defense initiative,8
eating contest,8
contemporary fantasy,8
dramatic love triangle,8
butterfly,8
social network,8
disney afternoon,8
solo mode,8
polygon blockchain,8
covid-19,8
extra terrestrial,8
the game awards - best ongoing game - nominee,8
mirror puzzles,8
warships,8
genre shift,8
fletchinder,8
boomer,8
humiliation,8
assassination,8
color blindness,8
alliance,8
minor league baseball,8
drinking game,8
drug abuse,8
simulated reality,8
ludum dare 53,8
n64 inspired,8
cranky kong,8
gbjam 1,8
hd2d,8
burger,8
northrop–mcdonnell douglas yf-23,8
industrial,8
souls,8
zeus,8
subway,8
cosy,8
festival,8
gb-studio,8
jetpack,8
jurassic,8
easter,8
terraria,8
snow white,8
taoism,8
game developers choice awards 2014,8
nintendo 64,8
reverse horror,8
double wii remote gameplay,8
game developers choice awards 2017,8
brutality,8
game developers choice awards 2003,8
fan translation - french,8
klondike,8
my nintendo,8
interactive achievement awards 1998,8
wavedash,8
super mario world,8
workout,8
decorating,8
club penguin,8
nes game pak - mmc5,8
shigesato itoi,8
handheld shape - character,8
art gallery,8
laser,7
chess puzzle,7
maple syrup,7
railway building,7
super mode,7
castlevania fangame,7
cargo,7
completed but unreleased game,7
springboks,7
all blacks,7
rugby union,7
media - snes game pak,7
upcoming,7
epic adventure,7
suicidal,7
nintendo ds expansion slot,7
classical music,7
blue,7
character relationships,7
graffiti,7
telletubbies,7
yuri game jam,7
machine learning,7
puyo puyo,7
thor,7
social media,7
phonics,7
mirage,7
touhou 10 mountain of faith,7
wile e coyote,7
datach compatible,7
sushi,7
biology,7
experimental game,7
hypnosis,7
cycling,7
championship,7
connect four,7
pac-man,7
2d mario,7
made in spain,7
around the world in 80 days,7
fan project,7
puzzle bobble,7
purgatory,7
plants vs zombies,7
5v5,7
aim trainer,7
voices in the wii remote,7
simon belmont,7
classic monsters,7
fig funded,7
3d vision,7
60fps,7
leapfrog iquest,7
betting,7
bubbles,7
food truck,7
mcdonald's,7
playable character - toad,7
drums,7
health,7
capoeira,7
giant,7
game & watch: wide screen,7
ms-dos,7
the jungle book,7
great depression,7
family restaurant,7
repair,7
the game awards - best debut indie game - nominee,7
best debut indie game: nominee - 2017 (the game awards),7
kaizo,7
no longer banned,7
lifetime subscription,7
fire emblem,7
mobile port,7
open ending,7
technology,7
pedophilia,7
eating,7
military uniform,7
job system,7
the game awards - best game direction - winner,7
tanuki,7
two controllers for one player,7
playable character - princess peach,7
game developers choice awards 2011,7
thailand,7
magnets,7
particle cannon,7
famicom accessory: konami qtai adapter,7
automobile sim,7
stock exchange,7
the game awards - best esports game - nominee,7
ludum dare 43,7
spike video game awards 2011,7
cheetah,7
documentary,7
hostile territory,7
energetic heroine,7
ludum dare 30,7
asmr,7
family computer 3d system compatible,7
standalone mod,7
desert island,7
autochess,7
b-wing,7
3ds,7
tic tac toe,7
ludum dare 50,7
advanced tactical fighter,7
modern day tokyo,7
university,7
arithmetic,7
sega naomi 2,7
kratos,6
fortune telling,6
self-harm,6
microphone,6
mobigo,6
dreamcast fishing controller support,6
electricity,6
fruit characters,6
rayman,6
mûmakil,6
tweety bird,6
season fall,6
garfield,6
pepsi,6
kojima,6
objectivism,6
television,6
nanoreno,6
game developers choice awards 2016,6
game developers choice awards 2001,6
ludum dare 37,6
based on - music video,6
rapunzel,6
climate,6
nosferatu,6
robot companion,6
nes game pak - vrc5,6
xbox live arcade game integration,6
nicktoons,6
excluded on-disc content,6
game developers choice awards 2004,6
ludum dare 42,6
gamescom 2019,6
school simulator,6
thunderstorm,6
jets,6
spy game,6
playstation camera,6
collection log,6
colt detective special,6
prototype,6
fan translation - brazilian portuguese,6
multiple factions,6
game developers choice awards 2008,6
nintendo 64 peripheral: mouse,6
chunky cheese pizza monsters,6
udraw gametablet support,6
lizards,6
sorcerer,6
pax australia 2013,6
victor surge,6
no microtransactions,6
netherlands,6
wii console message board interaction,6
buy and sell,6
space ships,6
eco-terrorism,6
the game awards - best action game - winner,6
abandoned hospital,6
ludum dare 27,6
daily quests,6
kill streak reward,6
seagull,6
chainsaw,6
summer of arcade 2009,6
the game awards - best art direction - winner,6
12th century,6
britain,6
bts,6
creative writing,6
organization,6
hedge clipper,6
based on - radio program,6
sylvester the cat,6
pigeon,6
spear,6
tile merger,6
videogame,6
wii balance board,6
sorting,6
competition,6
robotnik,6
loops,6
miner,6
sound novel,6
sleeping beauty,6
nes game pak - vrc1,6
nes game pak - vrc4,6
ludum dare 31,6
tunguska event,6
society management,6
character classes,6
brazilian celebrity,6
multiple-choice interactive fiction,6
ad-chievements,6
bicycle,6
ludum dare 40,6
audio based,6
kanji,6
bitcoin,6
brain-teaser,6
black hole,6
king boo,6
phylactery,6
hasbro,6
k-pop,6
social commentary,6
nes game pak - mmc3,6
bingo,6
google play leaderboards,6
ludum dare 35,6
tokyo game show 2019,6
horse taming,6
neutral,6
sports manager,6
turn-based multiplayer,6
microbiology,6
enchant jam 1,6
enchant jam,6
korean people's army,6
games for unreleased hardware,6
wagon,6
ega graphics,6
office equipment,6
tiger large screen,6
multiverse,6
bara,6
media type - digital file,6
mario party,6
color puzzle,6
official demake,6
protagonist gender choice,6
brick game,6
motion sensor,6
silent hill,6
game developers choice awards 2012,5
games for impact award: nominee - 2016 (the game awards),5
deception,5
wall run,5
kitchen,5
easy platinum,5
gameshow,5
the game awards - best family game - winner,5
media - e-reader card,5
military simulator,5
fixed shooter,5
kitchen appliances,5
handheld shape - tabletop,5
minigolf,5
taxes,5
creator,5
sega vr,5
transgender protagonist,5
revolution,5
tribute,5
the game awards - best chinese game - nominee,5
literary,5
mmorts,5
skillshot,5
off-camera death,5
java,5
yu-gi-oh fangame,5
wario as a villain,5
donkey kong country,5
tarantula,5
nocturnality,5
game developers choice awards 2002,5
gamecube microphone support,5
ludum dare 39,5
playstation talents,5
necromorph,5
battle mode,5
regional differences,5
snakes,5
portal,5
swimsuits,5
yahtzee,5
space shuttle,5
audio production,5
cancelled arcade games,5
smithing,5
creativity friendly,5
macromedia shockwave,5
news,5
guitar hero,5
winnie the pooh,5
xbox cloud saves,5
epoch game pocket computer,5
shockwave,5
classic sonic,5
road runner,5
golf simulator,5
storage,5
dream diary jam 7,5
vocabulary,5
the game awards - best studio or game direction - nominee,5
cosplay,5
persia,5
imprisoned,5
rollerskates,5
the game awards - best narrative - winner,5
the game awards - best performance - winner,5
pax south 2015,5
the game awards - best music or sound design - nominee,5
ea gun club,5
16th century,5
super famicom slotted cartridge,5
ludum dare 28,5
color-blind friendly,5
apple arcade only,5
game developers choice awards 2013,5
sewer,5
mizuki production,5
limited release,5
game developers choice awards 2007,5
highways,5
life,5
druids,5
wallabies,5
mcdonald's happy meal toy,5
academy,5
google cardboard,5
based on - fan media,5
rap songs,5
boomerang,5
prank,5
joycon2 mouse controlled,5
balloon fight,5
lidar scanner,5
star fox,5
nes game pak - mmc1,5
pickpocketing anatomy,5
research facility,5
historical reconstruction,5
color mixing,5
internet celebrity,5
greek,5
spongebob fangame,5
mole,5
healthcare,5
paper plane,5
fly,5
secret service,5
persian mythology,5
bartending,5
dolphins,5
object head,5
solarpunk,5
watercolor,5
father and son relationship,5
austrian grand prix,5
empire,5
jeff the killer,5
color by number,5
postmodernism,5
ludum dare 54,5
latin america,5
arcade compilation,5
source mod,5
first on discord,5
piano,5
jousting,5
the game awards - best handheld game - nominee,5
afghanistan,5
fan translation - swedish,5
ludum dare 29,5
tokyo game show 2016,5
ludum dare 34,5
overcooked,5
ultrakill,5
summer of arcade 2010,5
summer of arcade 2008,5
air combat,5
asylum,5
crash bandicoot,5
talking pet,5
missiles,5
ace attorney,5
aladdin deck enhancer compatible,5
secret society,5
google play games built-in games,5
engineering,5
4d,5
lisa fangame,5
handheld shape - oval,5
xcom,5
guitar,5
mail,5
old mobile games,5
kowloon,5
google maps,5
rage,5
mini jam,4
war game,4
furniture,4
nightmare infestation,4
community driven,4
lucid dreaming,4
pewdiepie,4
jumba's experiments,4
boardgames,4
plague,4
fan translation - turkish,4
spacetime,4
wiki game,4
possum,4
axolotl,4
skill system,4
lara croft,4
animal sidekick,4
ending change post-release,4
time,4
kraken,4
the game awards - best roleplaying game - winner,4
randomized,4
sketch comedy,4
environmentalism,4
launching game,4
cancelled gizmondo games,4
caribbean,4
17th century,4
game & watch: silver,4
ludum dare 36,4
russian mythology,4
astronomy,4
school drama,4
the game awards - best score or music - winner,4
dynamic events,4
magical realism,4
symbology,4
sega mouse support,4
media - sega genesis/mega drive cartridge,4
sylvester stallone,4
dungeons dragons,4
domestic violence,4
ludum dare 56,4
hotdogs,4
2d flyer,4
smartphone game,4
wireframe graphics,4
social democracy,4
dynamic weather,4
bonus episodes,4
janitor,4
sword play,4
super mario 64,4
antarctica,4
joust,4
gmtk game jam 2024,4
cross-controller,4
iron man,4
guardians of the galaxy,4
fan translation - greek,4
prologue,4
hiking,4
media - nes game pak,4
all-boys school,4
xavix port,4
ludum dare 26,4
astrology,4
jurassic park,4
green hill zone,4
ludum dare 32,4
play-to-play,4
traditional,4
atom,4
journey to the center of the earth,4
vehicle crew,4
regional port,4
booty,4
gamekey ready,4
fan translation - dutch,4
bitsy,4
copyleft,4
nintendo selects,4
controller pak required,4
family curse,4
rare,4
utopian future,4
language learning - spanish,4
tokyo game show 2020,4
free update,4
finance,4
ludum dare 22,4
snowbarding,4
dead space,4
drag,4
nokia 3310 jam,4
spiritual power,4
calming,4
game developers choice awards 2009,4
handheld shape - object,4
design master denshi mangajuku,4
gas station,4
valkyries,4
ice age,4
birdo,4
theater mode,4
ludum dare 45,4
dirt,4
cauldron,4
sharp zaurus,4
grow,4
ballet,4
intergenerational,4
disguise as npc,4
the frog prince,4
comic strip,4
virtual community,4
harpoon,4
touhou fuujinroku,4
surgeon's stethoscope,4
green screen monitor,4
nintendo 64 peripheral: video capture cassette,4
pop station,4
nintendo dsi enhanced,4
gifting,4
nintendo switch online exclusive,4
gatcha,4
virtual worlds,4
nes game pak - a-rom series,4
housing,4
california,4
critical thinking,4
elimination mode,4
prohibition era,4
command-based,4
versatile,4
bass fishing,4
mining droid,4
scanner,4
meme,4
rollercoaster,4
definitive edition,4
fossils,4
lunar landing,4
the game awards - best debut indie game - winner,4
peta,4
trijam,4
arena fighter,4
quest,4
tobacco,4
fossil,4
paleontology,4
crowdfunding - campfire,4
weekly subscription,4
vehicle design,4
bouncing,4
pogo stick,4
ludum dare 52,4
the game awards - best fighting game - winner,4
language support - hindi,4
previously on - wild unlimited,4
the game awards - best sports or racing game - winner,4
fast forward,4
fan translation - ukrainian,4
electronic wristwatch game,4
otter,4
ace attorney fangame,4
pong clone,4
plants,4
audio dialogue,4
satellaview time-limited games,4
anime girls,4
sanrio,4
memory loss,4
vibrant,4
hearts,4
bikini,4
clothing,4
international trade,4
gambling simulation,4
nintendo 64 expansion pak required,4
spyro,4
public quests,4
tile-based first-person crpg,4
player as protagonist,4
the game awards - best mobile or handheld game - nominee,4
crowdfunding - nuuvem,4
siblings,4
turret,4
steam timeline,4
ambulance,4
based on - idol group,4
existential crisis,4
relationship,4
kemono friends,4
handheld shape - animal,3
tiger double wide screen,3
wristwatch electronic game,3
vfd display,3
kpop,3
doors,3
aviation,3
the thrill of the fight,3
final fantasy fangame,3
obama,3
magic staff,3
inventor,3
brain,3
digital,3
rubik's cube,3
club penguin private server,3
multiplayer internet,3
global game jam 2025,3
snes enhancement chip - st series,3
2d-side-scroller,3
circuit board,3
cute 'em up,3
plasma gun,3
chile,3
setting - china - three kingdoms period,3
dlc content,3
immigration,3
source movement,3
satellaview-compatible game,3
snes enhancement chip - spc7110,3
raising simulation,3
postapocalyptic,3
yuri game jam 2024,3
childish,3
best fighting game: nominee - 2016 (the game awards),3
rollback netcode,3
criminal,3
ctrl alt jam,3
based on - event,3
diorama,3
krampus,3
chatsim,3
abduction,3
attraction,3
mannequins,3
pax south 2020,3
workers,3
divination,3
battlegrounds,3
wheel of fortune,3
tangram,3
cowgirls,3
polyamory,3
p wing,3
car collecting,3
ludum dare 33,3
valentines,3
expedition,3
ludum dare 24,3
ditherpunk,3
the game awards - best mobile game - winner,3
antistress,3
roller coaster,3
hovercraft,3
fruit ninja,3
korea only,3
net yaroze,3
asian style,3
soundblaster support,3
watermelon,3
codes,3
flaming weapon,3
alaska,3
generator,3
satellite,3
financial,3
hot-seat multiplayer,3
hoverboard,3
game & watch: gold,3
the three little pigs,3
crowdfunding - fig,3
auction,3
ping pong,3
canoeing,3
technical feature - snes mode 7,3
gamecube microphone,3
carpentry,3
occupational simulation,3
thumby,3
portuguese grand prix,3
the game awards - most anticipated game - winner,3
shop life simulator,3
comet,3
claw machine,3
relaxed,3
database,3
videos,3
yuri game jam 2020,3
nftesport,3
webcomic,3
tech,3
water margin,3
s.s. dolphin,3
best role playing game: nominee - 2016 (the game awards),3
nes game pak - vrc2,3
xbox smart delivery,3
conducting,3
egyptians,3
boulder,3
shinsengumi,3
hot dog,3
marvin the martian,3
game boy camera,3
the game awards - best audio design - winner,3
skibidi,3
fast food,3
nes game pak - vrc6,3
yoko taro,3
dk bongos controller,3
visor reflection,3
literary reference,3
lottery,3
mr beast,3
gmtk game jam 2022,3
gba bootlegs,3
bloons,3
nft racing,3
game for cat,3
majstr,3
cloud strife,3
metal sonic,3
cream the rabbit,3
bakumatsu,3
korean baseball organization,3
nes game pak - mmc2,3
acid,3
narrating others' thoughts,3
fan translation - norwegian,3
cancelled dreamcast games,3
slots,3
nintendo 64 peripheral: tsuricon 64,3
nes game pak - fme-7,3
community sim,3
game & watch: panorama screen,3
game developers choice awards 2005,3
track display,3
radar,3
robot dinosaur,3
security,3
general-midi audio,3
mit license,3
dentist,3
trle - tomb raider level editor,3
polygamy,3
.45 defender,3
roomba,3
speedy gonzales,3
disabled,3
slugs,3
fan translation - arabic,3
chinese style,3
summer of arcade 2012,3
anagrams,3
summer of arcade 2013,3
religious school,3
smw central's hall of fame,3
ship building,3
choices,3
bruce lee,3
tiger shark,3
snowstorm,3
catwoman,3
fungal infection,3
pearl harbor,3
research project,3
avant garde,3
stick war,3
game & watch: super color,3
battleships,3
activity center,3
summer of arcade 2011,3
gold,3
global warming,3
lunar new year,3
novella,3
hawaii,3
damn daniel,3
david cage,3
media type - cd-rom,3
sega ringedge 2,3
ea sports nhl,3
ancient japan,3
captain america,3
ea sports nfl,3
sega vco object,3
prision,3
adjustable text size,3
saint seiya,3
the game awards - best ongoing game - winner,3
fm-synth music,3
pachislot,3
deep web,3
ps2 classic,3
nes game pak - mmc4,3
zx spectrum palette,3
genghis khan,3
pulp fiction,3
camelot,3
adventure jam,3
showa era,3
robbers,3
inca,3
among us clone,3
0h game jam,3
love,3
rejet,3
120fps,3
unfair deaths,3
physics-based,2
playdate season 2,2
umbrella,2
elementary school,2
denpa,2
eldritch romance,2
debate,2
coaching,2
game master,2
playable character - shantae,2
taylor swift,2
roots,2
paddle input,2
agent 47,2
nes game pak - mmc6,2
catan,2
python,2
cancelled xbox games,2
social studies,2
unofficial expansion,2
fire truck,2
dragon quest,2
co-worker heroine,2
arabian mythology,2
lynchian,2
bakery,2
geopolitics,2
german mythology,2
my first game jam,2
custom tracks,2
mapping,2
tiger hand arcade,2
yoshi as a playable character,2
petanque,2
marseille,2
ludum dare 16,2
gbjam 3,2
virtual training,2
lynx,2
contract,2
rat people,2
night vision,2
sliding,2
fan translation - vietnamese,2
pengo,2
adventure jam 2016,2
socialism,2
expressionist,2
#nintendo entertainment system,2
photogrammetry,2
ibm,2
arab,2
police procedural,2
dreamcast jump pack support,2
wreck-it ralph,2
advance wars,2
sponsored by a magazine,2
zelda classic,2
gbjam 7,2
character skin,2
asia only,2
rodents,2
adorable,2
bunny girl,2
game feast 2010,2
game pass,2
gnu general public license,2
rage room,2
muppets,2
unicycle,2
song,2
gbjam 2,2
air traffic control,2
game & watch: micro vs.,2
game & watch: new wide screen,2
insert songs,2
brasil game show,2
language support - greek,2
elmer fudd,2
textile art,2
drive thruogh,2
thanksgiving,2
multiple choice,2
capcom five,2
loyalty,2
rifle,2
proof of concept,2
signalling,2
rick and morty,2
fan translation - thai,2
playstation suite,2
cupcakes,2
kingdom simulator,2
nasa punk,2
silver the hedgehog,2
a christmas carol,2
endless maze,2
growing,2
convention,2
cancelled nintendo 64 games,2
nes game pak - vrc7,2
yoshiharu habu,2
eberron,2
scratch and sniff,2
6 degrees of freedom,2
laser tag,2
the game awards - games for impact - winner,2
old school retro 1981,2
greed,2
tom and jerry,2
spectacle platformer,2
drive thru,2
all ages version,2
fever dream,2
assembly,2
building block,2
sonic rom hack,2
half-life,2
crouching,2
2010s,2
global game jam 2022,2
planting,2
shop life,2
kitsune,2
enemy rush,2
naruto,2
captain,2
evil,2
io game,2
slap,2
urbex,2
yosemite sam,2
pre-order bonus,2
badminton,2
wand,2
forecast channel connectivity,2
military unit design,2
ai-generated interface,2
iceland,2
aladdin,2
irish,2
cancelled browser games,2
cryptograms,2
markiplier,2
ensoniq soundscape support,2
gravis ultrasound support,2
fortnite parody,2
stuntman,2
daredevil,2
color alternatives,2
igo,2
free dlc,2
story dlc,2
faeries,2
michael myers,2
abandoned house,2
supenatural,2
subtitles,2
chinese mafia,2
the game awards - best vr game - winner,2
chinese zodiac,2
evil wizard,2
babysitting,2
haiku,2
zuma clone,2
gbjam 4,2
fan translation - toki pona,2
media - nintendo 64 game pak,2
crowdfunding - modian,2
heavy from team fortress 2,2
homestuck,2
game developers choice awards 2010,2
automapping,2
wuxia,2
the game awards - best strategy game - winner,2
suvivorslike,2
pacman,2
pikmin,2
winter consumer electronics show 1995,2
solgaleo,2
ttrpg,2
trackball,2
south america,2
cheeky,2
autism,2
cave,2
based on - drama cd,2
walrus,2
monster raising,2
sega ages,2
rails,2
seuck,2
toast,2
graphs,2
cancelled expansion,2
dragon kill points,2
based on - fable,2
napoleon,2
vladimir putin,2
pineapple,2
saloon,2
friendsim,2
snowmobile,2
labyrinth ball,2
four in a row,2
15th century,2
gbjam 8,2
language support - basque,2
fan translation - persian,2
protect,2
nintendo 64 peripheral: modem,2
zeebo,2
zeebo exclusive games,2
pakistan exclusive,2
slithering game,2
open street maps,2
no checkpoint,2
aromantic,2
yuri game jam 2022,2
resistjam,2
junkyard,2
windows simulator,2
melancholy,2
codebreaking,2
super mario bros. 3,2
wine,2
xianxia,2
smw central's hall of fame - class of 2018,2
commons,2
playchoice-10,2
dr. mario,2
cheerleader,2
the game awards 2019,2
toontown,2
fan translation - irish,2
fan translation - finnish,2
camper van,2
homophobia,2
supertux,2
winter consumer electronics show 1994,2
holostars,2
tom sawyer,2
ftl,2
duck tales,2
yuri game jam 2023,2
twitter,2
alternate historical,2
starting fires,2
shigeru miyamoto,2
fan translation - catalan,2
media - family computer cassette,2
media type - floppy disk,2
odin,2
metroid fangame,2
loki,2
shin megami tensei fangame,2
combo,2
location based game,2
letters,2
gravity physics balls fps puzzle,2
morse code,2
language learning - german,2
dual mouse controls,2
dream diary jam 6,2
armed bugs,2
music videos,2
toybox,2
ussr,2
meme game,2
prestige,2
cave-flyer,2
finngame,2
interactive achievement awards 2010,2
clones,2
shakespeare,2
armenia,2
black panther,2
flight stick,2
pengo clone,2
tire wear,2
books,2
spooktober jam,2
crowdfunding - ci-en,2
serious game,2
kenney jam,2
kenney jam 2021,2
gmtk game jam 2023,2
gmc jam,2
o2a2,1
kite,1
game-poem,1
jianghu,1
half-dead,1
barbara the bat,1
a game by its cover,1
slot racing,1
comedic parody,1
urban,1
visual storytelling,1
peasant,1
chris crawford,1
otome jam 2025,1
inkblot,1
interactive tutorial,1
show me what you got game jam,1
argentina,1
sumo,1
frustration,1
rage platformer,1
banking,1
collage,1
asteria,1
whimsical,1
frankie and the witch fingers,1
bank robbery,1
powerpoint,1
handheld shape - cabin,1
the legend of zelda: ocarina of time,1
handheld shape - pendant,1
ascendant,1
illuvium,1
cancelled n-gage games,1
game of fortune,1
undercover,1
trophy hunter,1
hybrid art style,1
nextfest winter 2023,1
games about video games,1
despicable me,1
cancelled xbox 360 games,1
global game jam 2021,1
language support - tamil,1
fan translation - hebrew,1
fan translation - hungarian,1
ukrianian,1
cancelled playstation games,1
nintendo direct -2022,1
jack the ripper,1
spanish civil war,1
nextfest winter 2024,1
ragnarok,1
jotun,1
barcelona,1
safari,1
hulk hogan,1
winter consumer electronics show 1992,1
pixeljunk,1
muscle,1
monastery,1
cancelled gamecube games,1
sky games,1
gp2x,1
geleiabilidade,1
mental instability,1
heterosexism,1
2020s,1
nintendo direct - 2022-02-09,1
non-monogamy,1
1500s,1
valhalla,1
heartslike,1
courtroom drama,1
language support - punjabi,1
railway dispatcher,1
language support - galician,1
funeral home,1
16-bit to 8-bit port,1
juice jam i,1
juice jam,1
tokyo toy show 1990,1
gmtk game jam 2018,1
gmtk game jam 2019,1
shogun,1
tarzan,1
lost cartridge jam 2022,1
cancelled ique games,1
software,1
cancelled atari lynx games,1
lost cartridge jam 2021,1
indiepocalypse,1
20 second game jam 2022,1
20 second game jam,1
cancelled atari 2600 games,1
game & watch: panorama,1
bolivia,1
2-bit,1
mt-32 support,1
previously on - legacy hero club,1
ibm 7090,1
streetpass mii plaza,1
dream diary jam 3,1
yuri game jam 2018,1
gravity falls fangame,1
lowrezjam 2016,1
hungarian folktale,1
earthworm jim,1
staircase,1
the lion king,1
adlib sound,1
nintendo switch pro contoller support,1
cancelled sega cd port,1
leatherworking,1
tailoring,1
masonry,1
army,1
suicide mouse,1
337,1
cancelled nintendo 64dd games,1
lost descendants,1
tales of vogar,1
indiepocalypse issue 37,1
steamed hams,1
sunrise,1
bayou,1
chillhop,1
popashot,1
lsdjam 2024,1
lsdjam 2020,1
cancelled pc port,1
trawling,1
previously on - playstation plus essential,1
3539,1
primals,1
nextfest summer 2023,1
prose,1
amiga style,1
ludum dare 15,1
michel telo,1
singing bosses,1
theme songs,1
game & watch: tabletop,1
007,1
athletes,1
waterslides,1
olympics,1
stress meter,1
wario land ii,1
yoshi's story,1
super mario bros z,1
thermodynamics,1
bocchi the rock,1
vt09,1
angle,1
catarse funded,1
artist hero,1
games that were never announced,1
previously on - playstation plus premium,1
award-winning,1
media type - cassette tape,1
bandai rx-78,1
session-based,1
dwemer,1
axel in harlem,1
bag,1
metropolis,1
blitz-varient,1
beatles,1
graphite lab,1
nextfest fall 2023,1
chico bento,1
18780,1
brackeys game jam 2020-1,1
brackeys game jam,1
available on - blacknut,1
stained glass,1
wad,1
yu-gi-oh,1
no pause menu,1
tk game jam 2018,1
tk game jam,1
castle game jam 2016,1
castle game jam,1
prelude,1
polytope,1
based on comic,1
previously on - stadia pro,1
the game awards 2022,1
scythe,1
wtfpl,1
ludum dare 13,1
mario as a villain,1
wesley snipes,1
tales casino escape,1
ludum dare 21,1
ludum dare 19,1
bumpslash,1
fuhrer in los angele,1
fuhrer in la,1
gateway,1
naval engineering,1
orkut games,1
game jaaj 3,1
ski ball,1
nintendo 64 peripheral: keyboard,1
oceania,1
famicom microphone,1
fan translation - ancient greek,1
gamescom 2018,1
virtools,1
multimedia cd-rom,1
neopets,1
spanky,1
taiwan exclusive,1
alex kidd,1
warship fury,1
mazing,1
kagura,1
ayane,1
kasumi,1
spike video game awards 2012,1
media type - dvd-rom,1
dtxmania,1
wii u eshop,1
cancelled 3ds games,1
washington dc,1
fan translation - welsh,1
azione,1
machado de assis,1
cottagecore,1
hearthstone,1
monster train,1
slay the spire,1
game jaaj 6,1
josei jam 2023,1
otome jam 2023,1
cancelled 32x game,1
steve blanding,1
randnet,1
the game awards - best chinese game - winner,1
best chinese game: winner - 2017 (the game awards),1
shinobi,1
maga man x,1
based on - mechanical game machine,1
scroll,1
cidades habitaveis,1
splatoon,1
john tiller wds,1
blockchain version exists,1
personal managment,1
nextfest summer 2024,1
cell towers,1
splatter,1
hot wheels,1
cynical,1
italia,1
snorlax,1
wigglytuff,1
jamaica,1
multiplayer dlc,1
racquetball,1
partial conversion,1
anatolian,1
quick play 2022,1
unofficial update,1
jupiter,1
mark twain,1
stitching,1
bandiagara,1
based on - podcast,1
unlicense,1
spelunky,1
megahits,1
singstar,1
elon musk,1
ludum dare 25,1
seoul,1
women gamejam,1
peklo,1
n64 controller supported,1
winter consumer electronic show 1992,1
101 dalmatians,1
arena flyer,1
huckleberry finn,1
mattel aquarius,1
cancelled physical release,1
select-a-game machine,1
halcyon,1
wii remote and nunchuk gameplay,1
namco system 1,1
kendo,1
coverdisk,1
totodile,1
seadra,1
rattata,1
weezing,1
chansey,1
gp2x wiz,1
tuba,1
scrooge mcduck,1
seattle,1
eve online,1
drag racing,1
reverse harem,1
previously on - luna plus,1
previously on - playstation now,1
previously on - playstation plus classic,1
previously on - playstation plus extra,1
manguebeat,1
luminaria,1
communist,1
merrie melodies,1
felix the cat,1
1899,1
ayrton senna,1
jeopardy,1
snake colors,1
ti-84 plus ce,1
dlc bundle,1
3dtv support,1
day of the dead,1
cloud computing,1
serbia,1
united kingdom,1
aol,1
adapted to - literature,1
sega channel exclusive,1
text-mode graphics,1
asperger,1
almanac,1
lowres,1
dream diary jam 5,1
available on - netflix,1
node game,1
node,1
rodeo,1
professional bull riding - pbr,1
3723,1
ring toss,1
skee-ball,1
game boy color nintendo power service,1
lola bunny,1
ocean exploration,1
gradius,1
language arts,1
1d,1
sam sheepdog,1
ralph wolf,1
word war i,1
tandy graphics,1
matador,1
nintendo wi-fi connection rivals list,1
family fun fitness control mat,1
pinky and the brain,1
jiangshi,1
no enemies,1
tokoro george,1
phantom system,1
power pad,1
snowmobile racing,1
doppelganger,1
super battle polycars,1
grail,1
merlin,1
vietnamese mythology,1
chimpanzee,1
softbank,1
au,1
snes enhancement chip - obc-1,1
snes enhancement chip - s-rtc,1
ique player release,1
nintendo 64 expansion pak enhancement,1
docomo,1
pomeranian,1
exports,1
boulder dash clone,1
snes enhancement chip - dsp-4,1
sega game toshokan,1
64 bits,1
fire emblem fangame,1
llamarp,1
sami,1
dungeons,1
button,1
based on - historical event,1
kyle petty,1
masashi tashiro,1
jaguar vr compatible,1
knytt,1
reuprise,1
motherboard,1
lithuania,1
country music,1
seapunk,1
turma da monica,1
fingerboarding,1
disney fangame,1
meaningless choices,1
hokkaido,1
ainu,1
namco system 21,1
vulgar,1
previously on - xbox games with gold,1
cabal,1
shmp,1
crustacean,1
crayfish,1
lineart,1
titans,1
bancho,1
art deco,1
roaring 20s,1
the game awards - best handheld game - winner,1
best sports/racing game: winner - 2017 (the game awards),1
nintendo 64 peripheral: voice recognition unit (vru),1
softcore,1
snes enhancement chip - dsp-3,1
fandub - english,1
steven seagal,1
genichiro tenryu,1
castle defence,1
hatasu itou,1
shoes,1
nike,1
quetzalcoatl,1
satellaview week-based broadcast,1
vodafone,1
konami net dx,1
acorn,1
tom hanks,1
pc-8000,1
sharp mz-700,1
porky pig,1
adapted to - comics,1
acerola jam 0,1
motherhood,1
problem solving,1
twin-peaks,1
mesoamerica,1
clap clap,1
rap music,1
v-cast,1
discord,1
freddy krueger,1
jason voorhees,1
nintendo 64 peripheral: bio sensor,1
duck dodgers,1
celtic,1
unicorn,1
fan translation - scottish,1
candyman,1
a nightmare on elm street,1
friday the 13th,1
popcorn,1
headphone recommendation,1
hang gliding,1
bad taste,1
adult version of children's media,1
kagamine rin,1
icelandic folklore,1
disappearence,1
rumble support,1
charles barkley,1
snes enhancement chip - dsp-2,1
story-driven campaign,1
aleck 64,1
nintendo 64 peripheral: smartmedia memory card,1
chase sequence,1
airsoft,1
prevention,1
tiny rogue,1
tinyrogue,1
mappy,1
bigfoot,1
adventure jam 2019,1
gmtk game jam 2020,1
sqij fangame,1
mixology,1
labor unions,1
gossamer,1
amstrad gx4000,1
game boy color infrared support,1
cockatils,1
based on - commercial ads,1
roundnet,1
sit-down cabinet,1
lowrezjam 2021,1
electronic pet,1
brutalism,1
megurine ruka,1
cyberpunk jam 2014,1
cyberpunk jam,1
mini ludum dare 50,1
mini ludum dare,1
smw central's hall of fame - class of 2023,1
udraw gametablet required,1
udraw gametablet - wii,1
udraw gametablet,1
ideology,1
familiar game jam 5,1
familiar game jam,1
adventure jam 2017,1
draughts,1
ojom,1
trle net's hall of fame,1
trle net's hall of fame 2002,1
bishop,1
rook,1
pawn,1
apfel,1
ocram ratte,1
game boy advance exclusive,1
tibet,1
two word input,1
sinesperia,1
apfel project,1
ai girlfriend,1
flies,1
akira,1
purple,1
nonejam 7,1
nonejam,1
global game jam 2023,1
trijam 215,1
chessmaster,1
superpower,1
gba-to-gc link cable,1
rune,1
robin hood,1
isaac asimov,1
fisher-price ixl learning system,1
late night tv,1
channel surfing,1
dinojam4,1
dinojam,1
gbjam 12,1
sleepwalking,1
wingsuit,1
aguri suzuki,1
best performance: winner - 2017 (the game awards),1
unlicensed nes game pak - 228,1
3dfx glide,1
super sonic,1
the game awards - best music or sound design - winner,1
rugby league imperial board,1
international rugby league,1
windows 16-bit,1
freemium,1
croquet,1
valley,1
woodland,1
mice game,1
grimoire,1
wolfenstein,1
hiphop,1
colour,1
fm-77,1
void,1
phantasy star fangame,1
character-driven,1
murder on the orient express,1
identity v,1
hardware store,1
unlicensed nes game pak - mxm-1,1
ensemble stars fangame,1
skill based game,1
saami mythology,1
littlest pet shop,1
cancelled sega genesis games,1
1990s origin,1
game of throne kingsroad,1
game of thrones,1
side story,1
title in a different language - latin,1
touch generations,1
gamecube controller support on wii u,1
shaquille o'neal,1
sega club,1
hummingbird,1
best fighting game: winner - 2016 (the game awards),1
the game awards - best esports game - winner,1
the game awards - best studio or game direction - winner,1
closed captions,1
metal slug,1
multi-dimensional,1
pinocchio,1
elderly,1
gecko,1
athens,1
remix it jam 2023,1
sega epico,1
cga - composite mode,1
snes enhancement chip - s-dd1,1
game based on movie based on game,1
palestinian,1
game off 2024,1
delinquents,1
neo-twiny jam,1
the never-ending game jam,1
yandere game jam 2022,1
malvinas,1
kingsroad,1
mini jam 74 - chaos,1
mini jam 54 - memories,1
mini jam 52 - summit,1
fate grand order,1
amiga ecs,1
amiga hd install,1
the game awards - best mobile or handheld game - winner,1
blizzard,1
spelunking,1
jet fighter,1
amiga ocs,1
baltic,1
diecast,1
dreamhack dallas jam 2019,1
pug,1
simpsons fangame,1
flappy jam,1
7drl,1
corgi,1
operation,1
flamingo,1
audio chat,1
gmc jam 17,1
investing,1
7dfps 2013,1
7dfps,1
asocial,1
catzdevstudio,1
bigmode game jam 2025,1
college sports,1
beetles,1
gmc jam 3,1
dr mario clone,1
ps2 microphone,1
paraguay,1
violin,1
fencing,1
geese,1
jagcode ii contest 2008,1
venezuela,1
dachshund,1
weed,1
cannabis,1
gamemaking frenzy barfcade,1
gamemaking frenzy,1
barfjam,1
college basketball,1
transfem protagonist,1
improve my game jam 31,1
previously on - bigfish catch,1
deltarune fangame,1
toxic yuri game jam,1
divine,1
african folklore,1
auto weapons,1
browser,1
nepal,1
medical herb,1
custom attacks,1
hentai tales,1
thomas the tank,1
drag queen,1
nokia 3310 jam 7,1
nokia 3310 jam 6,1
ambiance,1
cottage,1
embassy,1
ducks,1
tie fighter,1
computer science,1
vignette,1
arcade homebrew,1
dress letters,1
pants,1
genji period,1
crossword,1
explosive,1
webgame,1
homestead,1
once upon a time vn jam,1
